symbol,timestamp_ny,session,Open,High,Low,Close,Volume,Dividends,Stock Splits,volume_nonzero
AAPL,2026-09-18T16:00:00-04:00,after hours,335.59,336.2342,334.7,335.56,0,0.0,0.0,False
AAPL,2026-09-18T16:30:00-04:00,after hours,335.57,336.13,327.58,335.41,0,0.0,0.0,False
AAPL,2026-09-18T17:00:00-04:00,after hours,335.5,335.5,335.05,335.1988,0,0.0,0.0,False
AAPL,2026-09-18T17:30:00-04:00,after hours,335.15,336.13,334.7501,334.77,0,0.0,0.0,False
AAPL,2026-09-18T18:00:00-04:00,after hours,334.7755,336.13,334.75,334.9499,0,0.0,0.0,False
AAPL,2026-09-18T18:30:00-04:00,after hours,334.9003,334.95,326.91,334.88,0,0.0,0.0,False
AAPL,2026-09-18T19:00:00-04:00,after hours,334.8825,335.19,334.88,335.19,0,0.0,0.0,False
AAPL,2026-09-18T19:30:00-04:00,after hours,335.08,335.1882,334.75,334.8,0,0.0,0.0,False
AAPL,2026-09-21T16:00:00-04:00,after hours,338.98,339.08,338.282,338.7712,0,0.0,0.0,False
AAPL,2026-09-21T16:30:00-04:00,after hours,338.77,338.98,338.6,338.6012,0,0.0,0.0,False
AAPL,2026-09-21T17:00:00-04:00,after hours,338.605,338.8,338.6,338.78,0,0.0,0.0,False
AAPL,2026-09-21T17:30:00-04:00,after hours,338.72,338.78,338.62,338.71,0,0.0,0.0,False
AAPL,2026-09-21T18:00:00-04:00,after hours,338.7793,338.96,338.71,338.85,0,0.0,0.0,False
AAPL,2026-09-21T18:30:00-04:00,after hours,338.76,338.98,338.67,338.78,0,0.0,0.0,False
AAPL,2026-09-21T19:00:00-04:00,after hours,338.85,338.85,338.66,338.661,0,0.0,0.0,False
AAPL,2026-09-21T19:30:00-04:00,after hours,338.67,338.85,338.6,338.71,0,0.0,0.0,False
AAPL,2026-09-22T16:00:00-04:00,after hours,339.75,340.12,339.75,340.0017,0,0.0,0.0,False
AAPL,2026-09-22T16:30:00-04:00,after hours,340.0012,340.07,334.0266,340.0,0,0.0,0.0,False
AAPL,2026-09-22T17:00:00-04:00,after hours,339.88,340.0,339.75,339.96,0,0.0,0.0,False
AAPL,2026-09-22T17:30:00-04:00,after hours,339.93,339.9745,339.75,339.8541,0,0.0,0.0,False
AAPL,2026-09-22T18:00:00-04:00,after hours,339.87,340.07,339.84,339.96,0,0.0,0.0,False
AAPL,2026-09-22T18:30:00-04:00,after hours,339.9151,340.0,339.84,339.98,0,0.0,0.0,False
AAPL,2026-09-22T19:00:00-04:00,after hours,339.98,340.0,339.87,339.92,0,0.0,0.0,False
AAPL,2026-09-22T19:30:00-04:00,after hours,339.92,339.96,339.8,339.891,0,0.0,0.0,False
AAPL,2026-09-23T16:00:00-04:00,after hours,337.0,337.15,336.5,336.85,0,0.0,0.0,False
AAPL,2026-09-23T16:30:00-04:00,after hours,336.89,337.02,336.82,336.9003,0,0.0,0.0,False
AAPL,2026-09-23T17:00:00-04:00,after hours,336.8312,337.02,336.83,336.9,0,0.0,0.0,False
AAPL,2026-09-23T17:30:00-04:00,after hours,336.9467,337.1,336.8302,337.0,0,0.0,0.0,False
AAPL,2026-09-23T18:00:00-04:00,after hours,337.05,337.35,337.0,337.1102,0,0.0,0.0,False
AAPL,2026-09-23T18:30:00-04:00,after hours,337.1124,337.2,337.02,337.12,0,0.0,0.0,False
AAPL,2026-09-23T19:00:00-04:00,after hours,337.12,337.2,337.1,337.15,0,0.0,0.0,False
AAPL,2026-09-23T19:30:00-04:00,after hours,337.15,337.33,336.8,336.9361,0,0.0,0.0,False
AGNC,2026-09-18T16:00:00-04:00,after hours,9.87,9.99,9.77,9.8899,0,0.0,0.0,False
AGNC,2026-09-18T16:30:00-04:00,after hours,9.8885,9.91,9.88,9.8951,0,0.0,0.0,False
AGNC,2026-09-18T17:00:00-04:00,after hours,9.9,9.91,9.9,9.9085,0,0.0,0.0,False
AGNC,2026-09-18T17:30:00-04:00,after hours,9.91,9.91,9.9,9.9,0,0.0,0.0,False
AGNC,2026-09-18T18:00:00-04:00,after hours,9.9,9.91,9.9,9.9098,0,0.0,0.0,False
AGNC,2026-09-18T18:30:00-04:00,after hours,9.9,9.91,9.9,9.9099,0,0.0,0.0,False
AGNC,2026-09-18T19:00:00-04:00,after hours,9.91,9.91,9.9,9.9091,0,0.0,0.0,False
AGNC,2026-09-18T19:30:00-04:00,after hours,9.9091,9.91,9.9,9.9097,0,0.0,0.0,False
AGNC,2026-09-21T16:00:00-04:00,after hours,9.97,10.0,9.97,9.99,0,0.0,0.0,False
AGNC,2026-09-21T16:30:00-04:00,after hours,9.99,10.0,9.99,9.9992,0,0.0,0.0,False
AGNC,2026-09-21T17:00:00-04:00,after hours,9.995,10.0,9.99,9.9992,0,0.0,0.0,False
AGNC,2026-09-21T17:30:00-04:00,after hours,9.9998,10.0,9.99,9.9908,0,0.0,0.0,False
AGNC,2026-09-21T18:00:00-04:00,after hours,9.99,10.0,9.99,9.9997,0,0.0,0.0,False
AGNC,2026-09-21T18:30:00-04:00,after hours,10.0,10.0,9.99,10.0,0,0.0,0.0,False
AGNC,2026-09-21T19:00:00-04:00,after hours,9.9992,10.0,9.9885,9.99,0,0.0,0.0,False
AGNC,2026-09-21T19:30:00-04:00,after hours,9.99,10.0,9.98,9.9993,0,0.0,0.0,False
AGNC,2026-09-22T16:00:00-04:00,after hours,10.09,10.1094,10.08,10.1092,0,0.0,0.0,False
AGNC,2026-09-22T16:30:00-04:00,after hours,10.11,10.12,10.1,10.1185,0,0.0,0.0,False
AGNC,2026-09-22T17:00:00-04:00,after hours,10.11,10.12,10.1,10.12,0,0.0,0.0,False
AGNC,2026-09-22T17:30:00-04:00,after hours,10.1199,10.12,10.11,10.1199,0,0.0,0.0,False
AGNC,2026-09-22T18:00:00-04:00,after hours,10.11,10.12,10.11,10.12,0,0.0,0.0,False
AGNC,2026-09-22T18:30:00-04:00,after hours,10.11,10.12,10.11,10.12,0,0.0,0.0,False
AGNC,2026-09-22T19:00:00-04:00,after hours,10.1101,10.13,10.11,10.1292,0,0.0,0.0,False
AGNC,2026-09-22T19:30:00-04:00,after hours,10.12,10.13,10.11,10.1292,0,0.0,0.0,False
AGNC,2026-09-23T16:00:00-04:00,after hours,9.91,9.96,9.91,9.9496,0,0.0,0.0,False
AGNC,2026-09-23T16:30:00-04:00,after hours,9.95,9.96,9.94,9.94,0,0.0,0.0,False
AGNC,2026-09-23T17:00:00-04:00,after hours,9.94,9.96,9.94,9.9515,0,0.0,0.0,False
AGNC,2026-09-23T17:30:00-04:00,after hours,9.96,9.96,9.95,9.9501,0,0.0,0.0,False
AGNC,2026-09-23T18:00:00-04:00,after hours,9.95,9.96,9.95,9.96,0,0.0,0.0,False
AGNC,2026-09-23T18:30:00-04:00,after hours,9.9502,9.96,9.95,9.96,0,0.0,0.0,False
AGNC,2026-09-23T19:00:00-04:00,after hours,9.96,9.97,9.95,9.96,0,0.0,0.0,False
AGNC,2026-09-23T19:30:00-04:00,after hours,9.97,9.97,9.95,9.95,0,0.0,0.0,False
AMD,2026-09-18T16:00:00-04:00,after hours,559.82,559.9,557.3,557.58,0,0.0,0.0,False
AMD,2026-09-18T16:30:00-04:00,after hours,557.63,559.82,556.94,557.15,0,0.0,0.0,False
AMD,2026-09-18T17:00:00-04:00,after hours,557.2,570.9494,557.1355,557.5901,0,0.0,0.0,False
AMD,2026-09-18T17:30:00-04:00,after hours,557.5956,559.82,557.0,557.26,0,0.0,0.0,False
AMD,2026-09-18T18:00:00-04:00,after hours,557.22,559.82,557.0087,557.2,0,0.0,0.0,False
AMD,2026-09-18T18:30:00-04:00,after hours,557.0977,557.4,556.65,556.68,0,0.0,0.0,False
AMD,2026-09-18T19:00:00-04:00,after hours,556.6817,557.5975,556.68,557.53,0,0.0,0.0,False
AMD,2026-09-18T19:30:00-04:00,after hours,557.5061,558.1,557.2,557.98,0,0.0,0.0,False
AMD,2026-09-21T16:00:00-04:00,after hours,615.45,616.69,607.49,614.48,0,0.0,0.0,False
AMD,2026-09-21T16:30:00-04:00,after hours,614.65,615.52,614.29,614.83,0,0.0,0.0,False
AMD,2026-09-21T17:00:00-04:00,after hours,615.24,615.52,614.61,615.05,0,0.0,0.0,False
AMD,2026-09-21T17:30:00-04:00,after hours,615.05,616.84,615.01,615.84,0,0.0,0.0,False
AMD,2026-09-21T18:00:00-04:00,after hours,615.8,617.99,615.5,617.94,0,0.0,0.0,False
AMD,2026-09-21T18:30:00-04:00,after hours,617.97,619.5,615.52,619.2,0,0.0,0.0,False
AMD,2026-09-21T19:00:00-04:00,after hours,619.2,620.0,619.0,619.355,0,0.0,0.0,False
AMD,2026-09-21T19:30:00-04:00,after hours,619.68,620.0,619.11,619.9809,0,0.0,0.0,False
AMD,2026-09-22T16:00:00-04:00,after hours,623.74,623.99,621.18,621.55,0,0.0,0.0,False
AMD,2026-09-22T16:30:00-04:00,after hours,621.69,623.77,620.8251,621.4,0,0.0,0.0,False
AMD,2026-09-22T17:00:00-04:00,after hours,621.37,656.1456,156.4427,620.92,0,0.0,0.0,False
AMD,2026-09-22T17:30:00-04:00,after hours,621.0,623.77,620.5,620.75,0,0.0,0.0,False
AMD,2026-09-22T18:00:00-04:00,after hours,620.6011,622.0,620.5,621.6,0,0.0,0.0,False
AMD,2026-09-22T18:30:00-04:00,after hours,621.65,622.14,621.35,621.988,0,0.0,0.0,False
AMD,2026-09-22T19:00:00-04:00,after hours,621.99,622.3227,621.6,622.24,0,0.0,0.0,False
AMD,2026-09-22T19:30:00-04:00,after hours,622.05,623.7,621.7554,623.4682,0,0.0,0.0,False
AMD,2026-09-23T16:00:00-04:00,after hours,614.91,615.49,613.2,613.95,0,0.0,0.0,False
AMD,2026-09-23T16:30:00-04:00,after hours,614.0,614.75,613.693,614.357,0,0.0,0.0,False
AMD,2026-09-23T17:00:00-04:00,after hours,614.3332,614.75,613.81,614.61,0,0.0,0.0,False
AMD,2026-09-23T17:30:00-04:00,after hours,614.65,614.8,614.2512,614.7089,0,0.0,0.0,False
AMD,2026-09-23T18:00:00-04:00,after hours,614.7291,615.5,614.4689,614.86,0,0.0,0.0,False
AMD,2026-09-23T18:30:00-04:00,after hours,615.0,615.39,614.3,615.0112,0,0.0,0.0,False
AMD,2026-09-23T19:00:00-04:00,after hours,615.0112,615.45,614.5,614.562,0,0.0,0.0,False
AMD,2026-09-23T19:30:00-04:00,after hours,614.61,615.0,614.35,614.51,0,0.0,0.0,False
AMZN,2026-09-18T16:00:00-04:00,after hours,253.69,258.6,253.51,254.3,0,0.0,0.0,False
AMZN,2026-09-18T16:30:00-04:00,after hours,254.29,254.89,253.71,254.4403,0,0.0,0.0,False
AMZN,2026-09-18T17:00:00-04:00,after hours,254.28,259.2915,245.4454,254.4,0,0.0,0.0,False
AMZN,2026-09-18T17:30:00-04:00,after hours,254.51,254.7499,253.71,254.61,0,0.0,0.0,False
AMZN,2026-09-18T18:00:00-04:00,after hours,254.61,254.62,253.71,254.5452,0,0.0,0.0,False
AMZN,2026-09-18T18:30:00-04:00,after hours,254.517,259.22,254.32,254.35,0,0.0,0.0,False
AMZN,2026-09-18T19:00:00-04:00,after hours,254.4767,254.71,254.35,254.44,0,0.0,0.0,False
AMZN,2026-09-18T19:30:00-04:00,after hours,254.4904,254.5,253.996,254.15,0,0.0,0.0,False
AMZN,2026-09-21T16:00:00-04:00,after hours,258.46,258.84,257.554,258.46,0,0.0,0.0,False
AMZN,2026-09-21T16:30:00-04:00,after hours,258.4646,258.6,257.4039,258.57,0,0.0,0.0,False
AMZN,2026-09-21T17:00:00-04:00,after hours,258.58,258.97,246.5713,258.8496,0,0.0,0.0,False
AMZN,2026-09-21T17:30:00-04:00,after hours,258.77,258.91,258.5,258.5387,0,0.0,0.0,False
AMZN,2026-09-21T18:00:00-04:00,after hours,258.7437,258.8,258.5,258.733,0,0.0,0.0,False
AMZN,2026-09-21T18:30:00-04:00,after hours,258.75,258.85,258.45,258.77,0,0.0,0.0,False
AMZN,2026-09-21T19:00:00-04:00,after hours,258.8267,258.93,258.7,258.85,0,0.0,0.0,False
AMZN,2026-09-21T19:30:00-04:00,after hours,258.7779,259.26,258.7779,259.14,0,0.0,0.0,False
AMZN,2026-09-22T16:00:00-04:00,after hours,255.03,255.25,254.9,255.0788,0,0.0,0.0,False
AMZN,2026-09-22T16:30:00-04:00,after hours,254.98,255.08,254.3594,255.0,0,0.0,0.0,False
AMZN,2026-09-22T17:00:00-04:00,after hours,254.9959,315.0204,245.2677,255.0494,0,0.0,0.0,False
AMZN,2026-09-22T17:30:00-04:00,after hours,255.05,255.29,254.98,255.0994,0,0.0,0.0,False
AMZN,2026-09-22T18:00:00-04:00,after hours,255.08,255.3,255.05,255.2977,0,0.0,0.0,False
AMZN,2026-09-22T18:30:00-04:00,after hours,255.28,255.5,255.21,255.4,0,0.0,0.0,False
AMZN,2026-09-22T19:00:00-04:00,after hours,255.3987,255.69,255.34,255.52,0,0.0,0.0,False
AMZN,2026-09-22T19:30:00-04:00,after hours,255.52,255.69,255.38,255.45,0,0.0,0.0,False
AMZN,2026-09-23T16:00:00-04:00,after hours,249.42,249.88,249.2018,249.45,0,0.0,0.0,False
AMZN,2026-09-23T16:30:00-04:00,after hours,249.45,256.149,249.27,249.5,0,0.0,0.0,False
AMZN,2026-09-23T17:00:00-04:00,after hours,249.4988,249.65,234.3677,249.37,0,0.0,0.0,False
AMZN,2026-09-23T17:30:00-04:00,after hours,249.3435,249.41,249.34,249.41,0,0.0,0.0,False
AMZN,2026-09-23T18:00:00-04:00,after hours,249.41,249.8,249.35,249.7,0,0.0,0.0,False
AMZN,2026-09-23T18:30:00-04:00,after hours,249.54,249.7,249.27,249.59,0,0.0,0.0,False
AMZN,2026-09-23T19:00:00-04:00,after hours,249.59,249.7,248.23,248.45,0,0.0,0.0,False
AMZN,2026-09-23T19:30:00-04:00,after hours,248.44,248.69,247.82,247.85,0,0.0,0.0,False
BE,2026-09-18T16:00:00-04:00,after hours,264.9037,268.94,264.4,267.35,0,0.0,0.0,False
BE,2026-09-18T16:30:00-04:00,after hours,267.46,267.53,265.63,267.05,0,0.0,0.0,False
BE,2026-09-18T17:00:00-04:00,after hours,266.88,267.45,265.63,267.1,0,0.0,0.0,False
BE,2026-09-18T17:30:00-04:00,after hours,267.2051,267.24,266.51,266.9,0,0.0,0.0,False
BE,2026-09-18T18:00:00-04:00,after hours,266.9,267.0,265.63,266.96,0,0.0,0.0,False
BE,2026-09-18T18:30:00-04:00,after hours,266.96,267.0,266.31,266.79,0,0.0,0.0,False
BE,2026-09-18T19:00:00-04:00,after hours,266.7,267.24,266.45,266.87,0,0.0,0.0,False
BE,2026-09-18T19:30:00-04:00,after hours,266.9242,267.7,266.69,267.0483,0,0.0,0.0,False
BE,2026-09-21T16:00:00-04:00,after hours,272.89,274.5504,272.26,272.71,0,0.0,0.0,False
BE,2026-09-21T16:30:00-04:00,after hours,272.5239,272.6,271.41,271.4445,0,0.0,0.0,False
BE,2026-09-21T17:00:00-04:00,after hours,272.0,272.34,271.59,271.9,0,0.0,0.0,False
BE,2026-09-21T17:30:00-04:00,after hours,271.7709,272.89,271.7709,272.3,0,0.0,0.0,False
BE,2026-09-21T18:00:00-04:00,after hours,272.3,273.1451,272.3,273.14,0,0.0,0.0,False
BE,2026-09-21T18:30:00-04:00,after hours,273.15,273.25,272.96,273.06,0,0.0,0.0,False
BE,2026-09-21T19:00:00-04:00,after hours,273.25,274.3193,273.25,274.0,0,0.0,0.0,False
BE,2026-09-21T19:30:00-04:00,after hours,274.0,274.34,273.8,273.98,0,0.0,0.0,False
BE,2026-09-22T16:00:00-04:00,after hours,276.53,277.9125,275.39,276.51,0,0.0,0.0,False
BE,2026-09-22T16:30:00-04:00,after hours,276.55,276.55,276.2532,276.3,0,0.0,0.0,False
BE,2026-09-22T17:00:00-04:00,after hours,276.53,276.53,174.9576,276.3,0,0.0,0.0,False
BE,2026-09-22T17:30:00-04:00,after hours,276.54,276.54,276.027,276.08,0,0.0,0.0,False
BE,2026-09-22T18:00:00-04:00,after hours,276.2671,276.9225,276.13,276.9225,0,0.0,0.0,False
BE,2026-09-22T18:30:00-04:00,after hours,276.5043,277.0,276.5043,276.8127,0,0.0,0.0,False
BE,2026-09-22T19:00:00-04:00,after hours,276.71,277.4468,276.71,277.3868,0,0.0,0.0,False
BE,2026-09-22T19:30:00-04:00,after hours,277.3,277.49,277.04,277.38,0,0.0,0.0,False
BE,2026-09-23T16:00:00-04:00,after hours,274.915,275.88,274.77,274.84,0,0.0,0.0,False
BE,2026-09-23T16:30:00-04:00,after hours,274.42,275.19,274.42,274.8545,0,0.0,0.0,False
BE,2026-09-23T17:00:00-04:00,after hours,275.13,275.13,274.5008,274.5008,0,0.0,0.0,False
BE,2026-09-23T17:30:00-04:00,after hours,274.5738,274.85,274.4866,274.8,0,0.0,0.0,False
BE,2026-09-23T18:00:00-04:00,after hours,274.8,275.5,274.6391,275.5,0,0.0,0.0,False
BE,2026-09-23T18:30:00-04:00,after hours,275.5,275.5,275.19,275.35,0,0.0,0.0,False
BE,2026-09-23T19:00:00-04:00,after hours,275.394,275.5,275.1647,275.1647,0,0.0,0.0,False
BE,2026-09-23T19:30:00-04:00,after hours,275.2,275.57,275.15,275.57,0,0.0,0.0,False
BMNR,2026-09-18T16:00:00-04:00,after hours,25.99,26.01,25.67,25.7918,0,0.0,0.0,False
BMNR,2026-09-18T16:30:00-04:00,after hours,25.82,25.99,25.79,25.9,0,0.0,0.0,False
BMNR,2026-09-18T17:00:00-04:00,after hours,25.9,25.99,25.88,25.91,0,0.0,0.0,False
BMNR,2026-09-18T17:30:00-04:00,after hours,25.9001,25.96,25.85,25.941,0,0.0,0.0,False
BMNR,2026-09-18T18:00:00-04:00,after hours,25.94,26.0358,25.88,26.03,0,0.0,0.0,False
BMNR,2026-09-18T18:30:00-04:00,after hours,26.01,26.03,25.83,25.8439,0,0.0,0.0,False
BMNR,2026-09-18T19:00:00-04:00,after hours,25.8538,25.93,25.84,25.88,0,0.0,0.0,False
BMNR,2026-09-18T19:30:00-04:00,after hours,25.88,25.88,25.76,25.8488,0,0.0,0.0,False
BMNR,2026-09-21T16:00:00-04:00,after hours,28.25,28.6,28.18,28.5993,0,0.0,0.0,False
BMNR,2026-09-21T16:30:00-04:00,after hours,28.59,28.6,28.25,28.4392,0,0.0,0.0,False
BMNR,2026-09-21T17:00:00-04:00,after hours,28.4338,28.4338,28.25,28.4,0,0.0,0.0,False
BMNR,2026-09-21T17:30:00-04:00,after hours,28.3468,28.44,28.25,28.35,0,0.0,0.0,False
BMNR,2026-09-21T18:00:00-04:00,after hours,28.3588,28.43,28.25,28.25,0,0.0,0.0,False
BMNR,2026-09-21T18:30:00-04:00,after hours,28.26,28.38,28.2305,28.3799,0,0.0,0.0,False
BMNR,2026-09-21T19:00:00-04:00,after hours,28.37,28.52,28.37,28.42,0,0.0,0.0,False
BMNR,2026-09-21T19:30:00-04:00,after hours,28.42,28.52,28.38,28.51,0,0.0,0.0,False
BMNR,2026-09-22T16:00:00-04:00,after hours,28.75,28.78,28.66,28.78,0,0.0,0.0,False
BMNR,2026-09-22T16:30:00-04:00,after hours,28.7934,28.7934,28.7,28.7295,0,0.0,0.0,False
BMNR,2026-09-22T17:00:00-04:00,after hours,28.72,28.73,28.65,28.6638,0,0.0,0.0,False
BMNR,2026-09-22T17:30:00-04:00,after hours,28.6503,28.73,28.6503,28.67,0,0.0,0.0,False
BMNR,2026-09-22T18:00:00-04:00,after hours,28.69,28.7,28.57,28.6397,0,0.0,0.0,False
BMNR,2026-09-22T18:30:00-04:00,after hours,28.63,28.74,28.63,28.674,0,0.0,0.0,False
BMNR,2026-09-22T19:00:00-04:00,after hours,28.67,28.9,28.67,28.8388,0,0.0,0.0,False
BMNR,2026-09-22T19:30:00-04:00,after hours,28.83,28.8623,28.76,28.86,0,0.0,0.0,False
BMNR,2026-09-23T16:00:00-04:00,after hours,27.46,27.52,27.4,27.4073,0,0.0,0.0,False
BMNR,2026-09-23T16:30:00-04:00,after hours,27.4489,27.52,27.4377,27.4477,0,0.0,0.0,False
BMNR,2026-09-23T17:00:00-04:00,after hours,27.4448,27.59,27.4448,27.51,0,0.0,0.0,False
BMNR,2026-09-23T17:30:00-04:00,after hours,27.4818,27.55,27.4818,27.54,0,0.0,0.0,False
BMNR,2026-09-23T18:00:00-04:00,after hours,27.57,27.85,27.5503,27.8,0,0.0,0.0,False
BMNR,2026-09-23T18:30:00-04:00,after hours,27.79,27.87,27.75,27.82,0,0.0,0.0,False
BMNR,2026-09-23T19:00:00-04:00,after hours,27.825,27.84,27.75,27.75,0,0.0,0.0,False
BMNR,2026-09-23T19:30:00-04:00,after hours,27.75,27.7623,27.66,27.69,0,0.0,0.0,False
BMRN,2026-09-18T16:00:00-04:00,after hours,63.96,64.15,63.935,63.94,0,0.0,0.0,False
BMRN,2026-09-18T16:30:00-04:00,after hours,63.94,63.94,63.94,63.94,0,0.0,0.0,False
BMRN,2026-09-18T18:00:00-04:00,after hours,64.2999,64.2999,64.2999,64.2999,0,0.0,0.0,False
BMRN,2026-09-18T18:30:00-04:00,after hours,63.9,64.0,63.9,64.0,0,0.0,0.0,False
BMRN,2026-09-18T19:30:00-04:00,after hours,63.9375,63.9375,63.9375,63.9375,0,0.0,0.0,False
BMRN,2026-09-21T16:00:00-04:00,after hours,64.058,64.08,64.058,64.06,0,0.0,0.0,False
BMRN,2026-09-21T16:30:00-04:00,after hours,64.96,64.96,64.96,64.96,0,0.0,0.0,False
BMRN,2026-09-21T19:30:00-04:00,after hours,64.95,65.0,64.95,65.0,0,0.0,0.0,False
BMRN,2026-09-22T16:00:00-04:00,after hours,63.37,63.37,63.0,63.33,0,0.0,0.0,False
BMRN,2026-09-22T16:30:00-04:00,after hours,63.23,63.23,63.23,63.23,0,0.0,0.0,False
BMRN,2026-09-22T17:00:00-04:00,after hours,63.87,63.87,63.87,63.87,0,0.0,0.0,False
BMRN,2026-09-22T17:30:00-04:00,after hours,63.8592,63.8592,63.8592,63.8592,0,0.0,0.0,False
BMRN,2026-09-22T19:30:00-04:00,after hours,63.37,63.37,63.37,63.37,0,0.0,0.0,False
BMRN,2026-09-23T16:00:00-04:00,after hours,62.21,62.21,62.21,62.21,0,0.0,0.0,False
BMRN,2026-09-23T16:30:00-04:00,after hours,61.35,61.35,61.35,61.35,0,0.0,0.0,False
BMRN,2026-09-23T17:00:00-04:00,after hours,61.02,61.02,61.02,61.02,0,0.0,0.0,False
BMRN,2026-09-23T19:30:00-04:00,after hours,62.21,62.21,62.21,62.21,0,0.0,0.0,False
CRWD,2026-09-18T16:00:00-04:00,after hours,237.65,238.6,237.2247,237.85,0,0.0,0.0,False
CRWD,2026-09-18T16:30:00-04:00,after hours,237.85,237.85,237.4,237.75,0,0.0,0.0,False
CRWD,2026-09-18T17:00:00-04:00,after hours,237.6958,237.75,237.205,237.65,0,0.0,0.0,False
CRWD,2026-09-18T17:30:00-04:00,after hours,237.4898,237.64,237.2,237.35,0,0.0,0.0,False
CRWD,2026-09-18T18:00:00-04:00,after hours,237.3669,237.7,237.21,237.2999,0,0.0,0.0,False
CRWD,2026-09-18T18:30:00-04:00,after hours,237.3,237.3,236.88,236.9886,0,0.0,0.0,False
CRWD,2026-09-18T19:00:00-04:00,after hours,236.8827,237.03,236.8,236.98,0,0.0,0.0,False
CRWD,2026-09-18T19:30:00-04:00,after hours,236.975,237.28,236.9,237.1279,0,0.0,0.0,False
CRWD,2026-09-21T16:00:00-04:00,after hours,249.35,249.4,248.55,248.9696,0,0.0,0.0,False
CRWD,2026-09-21T16:30:00-04:00,after hours,248.85,249.35,248.0,248.9057,0,0.0,0.0,False
CRWD,2026-09-21T17:00:00-04:00,after hours,248.45,249.35,248.0,248.44,0,0.0,0.0,False
CRWD,2026-09-21T17:30:00-04:00,after hours,248.5,249.35,248.0,248.25,0,0.0,0.0,False
CRWD,2026-09-21T18:00:00-04:00,after hours,248.59,248.65,248.25,248.56,0,0.0,0.0,False
CRWD,2026-09-21T18:30:00-04:00,after hours,248.4,248.95,248.3,248.5001,0,0.0,0.0,False
CRWD,2026-09-21T19:00:00-04:00,after hours,248.74,248.857,248.35,248.587,0,0.0,0.0,False
CRWD,2026-09-21T19:30:00-04:00,after hours,248.4244,248.95,248.35,248.596,0,0.0,0.0,False
CRWD,2026-09-22T16:00:00-04:00,after hours,250.01,250.06,248.527,249.8,0,0.0,0.0,False
CRWD,2026-09-22T16:30:00-04:00,after hours,249.43,250.06,249.3,249.6,0,0.0,0.0,False
CRWD,2026-09-22T17:00:00-04:00,after hours,249.69,249.95,249.482,249.6509,0,0.0,0.0,False
CRWD,2026-09-22T17:30:00-04:00,after hours,249.75,250.06,249.65,249.84,0,0.0,0.0,False
CRWD,2026-09-22T18:00:00-04:00,after hours,249.92,250.5,249.73,250.18,0,0.0,0.0,False
CRWD,2026-09-22T18:30:00-04:00,after hours,250.18,250.4817,249.77,249.78,0,0.0,0.0,False
CRWD,2026-09-22T19:00:00-04:00,after hours,249.8158,250.0,249.2,249.25,0,0.0,0.0,False
CRWD,2026-09-22T19:30:00-04:00,after hours,249.55,249.9999,249.26,249.37,0,0.0,0.0,False
CRWD,2026-09-23T16:00:00-04:00,after hours,262.49,262.49,261.4101,261.78,0,0.0,0.0,False
CRWD,2026-09-23T16:30:00-04:00,after hours,261.78,262.49,261.55,261.741,0,0.0,0.0,False
CRWD,2026-09-23T17:00:00-04:00,after hours,261.75,261.85,261.04,261.44,0,0.0,0.0,False
CRWD,2026-09-23T17:30:00-04:00,after hours,261.491,261.67,261.35,261.57,0,0.0,0.0,False
CRWD,2026-09-23T18:00:00-04:00,after hours,261.7,262.0,261.4,261.6562,0,0.0,0.0,False
CRWD,2026-09-23T18:30:00-04:00,after hours,261.6577,261.7,261.4,261.51,0,0.0,0.0,False
CRWD,2026-09-23T19:00:00-04:00,after hours,261.42,261.88,261.03,261.6,0,0.0,0.0,False
CRWD,2026-09-23T19:30:00-04:00,after hours,261.75,261.8,261.1932,261.31,0,0.0,0.0,False
DIA,2026-09-18T16:00:00-04:00,after hours,515.92,517.0009,515.845,516.595,0,0.0,0.0,False
DIA,2026-09-18T16:30:00-04:00,after hours,516.6085,516.6323,515.88,516.43,0,0.0,0.0,False
DIA,2026-09-18T17:00:00-04:00,after hours,515.6828,516.5999,515.5,516.5999,0,0.0,0.0,False
DIA,2026-09-18T17:30:00-04:00,after hours,516.45,516.6,515.9912,516.2,0,0.0,0.0,False
DIA,2026-09-18T18:00:00-04:00,after hours,516.12,516.5612,515.87,515.87,0,0.0,0.0,False
DIA,2026-09-18T18:30:00-04:00,after hours,515.86,516.5534,515.8162,516.42,0,0.0,0.0,False
DIA,2026-09-18T19:00:00-04:00,after hours,516.42,516.42,515.92,516.2286,0,0.0,0.0,False
DIA,2026-09-18T19:30:00-04:00,after hours,516.16,516.25,516.02,516.15,0,0.0,0.0,False
DIA,2026-09-21T16:00:00-04:00,after hours,519.87,519.8901,519.63,519.63,0,0.0,0.0,False
DIA,2026-09-21T16:30:00-04:00,after hours,519.7,519.7,519.64,519.65,0,0.0,0.0,False
DIA,2026-09-21T17:00:00-04:00,after hours,519.78,519.78,519.78,519.78,0,0.0,0.0,False
DIA,2026-09-21T18:00:00-04:00,after hours,519.79,519.86,519.7,519.82,0,0.0,0.0,False
DIA,2026-09-21T18:30:00-04:00,after hours,519.83,519.83,519.83,519.83,0,0.0,0.0,False
DIA,2026-09-21T19:00:00-04:00,after hours,519.8318,519.85,519.8318,519.85,0,0.0,0.0,False
DIA,2026-09-21T19:30:00-04:00,after hours,519.72,519.78,519.72,519.72,0,0.0,0.0,False
DIA,2026-09-22T16:00:00-04:00,after hours,518.0,518.09,517.88,517.98,0,0.0,0.0,False
DIA,2026-09-22T16:30:00-04:00,after hours,517.91,517.94,517.7,517.7,0,0.0,0.0,False
DIA,2026-09-22T17:00:00-04:00,after hours,517.7,518.0,517.7,518.0,0,0.0,0.0,False
DIA,2026-09-22T17:30:00-04:00,after hours,517.4018,517.4018,517.39,517.39,0,0.0,0.0,False
DIA,2026-09-22T18:00:00-04:00,after hours,517.95,518.07,517.86,517.86,0,0.0,0.0,False
DIA,2026-09-22T18:30:00-04:00,after hours,517.9613,517.9613,517.91,517.91,0,0.0,0.0,False
DIA,2026-09-22T19:00:00-04:00,after hours,517.91,517.94,517.8436,517.8436,0,0.0,0.0,False
DIA,2026-09-22T19:30:00-04:00,after hours,517.909,517.9423,517.8734,517.8734,0,0.0,0.0,False
DIA,2026-09-23T16:00:00-04:00,after hours,514.35,514.35,514.07,514.3135,0,0.0,0.0,False
DIA,2026-09-23T16:30:00-04:00,after hours,514.26,514.27,514.19,514.26,0,0.0,0.0,False
DIA,2026-09-23T17:00:00-04:00,after hours,514.3,514.5,514.18,514.5,0,0.0,0.0,False
DIA,2026-09-23T18:00:00-04:00,after hours,514.3,514.51,514.3,514.4714,0,0.0,0.0,False
DIA,2026-09-23T18:30:00-04:00,after hours,514.36,514.43,514.36,514.43,0,0.0,0.0,False
DIA,2026-09-23T19:00:00-04:00,after hours,514.38,514.38,513.98,514.06,0,0.0,0.0,False
DIA,2026-09-23T19:30:00-04:00,after hours,514.03,514.03,513.82,513.9035,0,0.0,0.0,False
GDX,2026-09-18T16:00:00-04:00,after hours,95.48,96.0,95.22,95.7387,0,0.0,0.0,False
GDX,2026-09-18T16:30:00-04:00,after hours,95.88,95.88,95.5,95.7,0,0.0,0.0,False
GDX,2026-09-18T17:00:00-04:00,after hours,95.665,95.84,95.48,95.48,0,0.0,0.0,False
GDX,2026-09-18T17:30:00-04:00,after hours,95.7,95.8,95.48,95.77,0,0.0,0.0,False
GDX,2026-09-18T18:00:00-04:00,after hours,95.7,95.9,95.7,95.77,0,0.0,0.0,False
GDX,2026-09-18T18:30:00-04:00,after hours,95.78,95.8,95.74,95.75,0,0.0,0.0,False
GDX,2026-09-18T19:00:00-04:00,after hours,95.78,95.8,95.5,95.68,0,0.0,0.0,False
GDX,2026-09-18T19:30:00-04:00,after hours,95.68,95.7,95.5609,95.6,0,0.0,0.0,False
GDX,2026-09-21T16:00:00-04:00,after hours,94.49,94.49,94.3071,94.32,0,0.0,0.0,False
GDX,2026-09-21T16:30:00-04:00,after hours,94.43,94.43,93.4079,93.4079,0,0.0,0.0,False
GDX,2026-09-21T17:00:00-04:00,after hours,94.3,94.3,90.0435,94.24,0,0.0,0.0,False
GDX,2026-09-21T17:30:00-04:00,after hours,94.43,94.43,94.1818,94.43,0,0.0,0.0,False
GDX,2026-09-21T18:00:00-04:00,after hours,94.32,94.38,94.32,94.38,0,0.0,0.0,False
GDX,2026-09-21T18:30:00-04:00,after hours,94.4,94.68,94.4,94.61,0,0.0,0.0,False
GDX,2026-09-21T19:00:00-04:00,after hours,94.62,94.72,94.62,94.72,0,0.0,0.0,False
GDX,2026-09-21T19:30:00-04:00,after hours,94.78,94.8303,94.7,94.8201,0,0.0,0.0,False
GDX,2026-09-22T16:00:00-04:00,after hours,97.78,97.84,97.55,97.77,0,0.0,0.0,False
GDX,2026-09-22T16:30:00-04:00,after hours,97.78,97.83,97.6,97.83,0,0.0,0.0,False
GDX,2026-09-22T17:00:00-04:00,after hours,97.81,97.81,97.56,97.75,0,0.0,0.0,False
GDX,2026-09-22T17:30:00-04:00,after hours,97.81,97.83,97.65,97.8,0,0.0,0.0,False
GDX,2026-09-22T18:00:00-04:00,after hours,97.7508,97.83,97.7508,97.83,0,0.0,0.0,False
GDX,2026-09-22T18:30:00-04:00,after hours,97.9491,98.11,97.94,97.94,0,0.0,0.0,False
GDX,2026-09-22T19:00:00-04:00,after hours,97.9,97.93,97.7605,97.88,0,0.0,0.0,False
GDX,2026-09-22T19:30:00-04:00,after hours,97.85,97.92,97.77,97.77,0,0.0,0.0,False
GDX,2026-09-23T16:00:00-04:00,after hours,93.56,93.75,93.56,93.59,0,0.0,0.0,False
GDX,2026-09-23T16:30:00-04:00,after hours,93.5509,93.59,93.55,93.55,0,0.0,0.0,False
GDX,2026-09-23T17:00:00-04:00,after hours,87.2333,93.61,87.2333,93.6,0,0.0,0.0,False
GDX,2026-09-23T17:30:00-04:00,after hours,93.56,93.61,93.5131,93.56,0,0.0,0.0,False
GDX,2026-09-23T18:00:00-04:00,after hours,93.61,93.74,93.6,93.7,0,0.0,0.0,False
GDX,2026-09-23T18:30:00-04:00,after hours,93.72,93.72,93.62,93.64,0,0.0,0.0,False
GDX,2026-09-23T19:00:00-04:00,after hours,93.63,93.72,93.63,93.72,0,0.0,0.0,False
GDX,2026-09-23T19:30:00-04:00,after hours,93.61,93.74,93.61,93.74,0,0.0,0.0,False
GOOGL,2026-09-18T16:00:00-04:00,after hours,349.01,350.5,349.01,349.98,0,0.0,0.0,False
GOOGL,2026-09-18T16:30:00-04:00,after hours,349.99,350.69,349.54,350.0,0,0.0,0.0,False
GOOGL,2026-09-18T17:00:00-04:00,after hours,350.04,350.29,349.54,350.22,0,0.0,0.0,False
GOOGL,2026-09-18T17:30:00-04:00,after hours,350.25,350.68,349.54,350.58,0,0.0,0.0,False
GOOGL,2026-09-18T18:00:00-04:00,after hours,350.6,350.7751,349.54,350.61,0,0.0,0.0,False
GOOGL,2026-09-18T18:30:00-04:00,after hours,350.61,350.7,343.35,350.3698,0,0.0,0.0,False
GOOGL,2026-09-18T19:00:00-04:00,after hours,350.37,350.89,350.31,350.6,0,0.0,0.0,False
GOOGL,2026-09-18T19:30:00-04:00,after hours,350.64,350.88,350.34,350.83,0,0.0,0.0,False
GOOGL,2026-09-21T16:00:00-04:00,after hours,354.97,355.83,354.55,355.79,0,0.0,0.0,False
GOOGL,2026-09-21T16:30:00-04:00,after hours,355.7838,363.4996,339.8868,355.7699,0,0.0,0.0,False
GOOGL,2026-09-21T17:00:00-04:00,after hours,355.5,363.4996,331.2394,355.91,0,0.0,0.0,False
GOOGL,2026-09-21T17:30:00-04:00,after hours,355.89,355.96,355.8,355.88,0,0.0,0.0,False
GOOGL,2026-09-21T18:00:00-04:00,after hours,355.88,356.33,355.65,356.028,0,0.0,0.0,False
GOOGL,2026-09-21T18:30:00-04:00,after hours,356.1268,356.65,354.97,356.463,0,0.0,0.0,False
GOOGL,2026-09-21T19:00:00-04:00,after hours,356.31,356.47,356.0,356.1,0,0.0,0.0,False
GOOGL,2026-09-21T19:30:00-04:00,after hours,356.0,356.3462,356.0,356.2,0,0.0,0.0,False
GOOGL,2026-09-22T16:00:00-04:00,after hours,351.086,351.56,351.02,351.46,0,0.0,0.0,False
GOOGL,2026-09-22T16:30:00-04:00,after hours,351.4807,351.8,332.3136,351.71,0,0.0,0.0,False
GOOGL,2026-09-22T17:00:00-04:00,after hours,351.7,418.6982,291.4235,351.9,0,0.0,0.0,False
GOOGL,2026-09-22T17:30:00-04:00,after hours,351.9,352.42,351.16,352.1699,0,0.0,0.0,False
GOOGL,2026-09-22T18:00:00-04:00,after hours,352.1699,352.78,352.168,352.62,0,0.0,0.0,False
GOOGL,2026-09-22T18:30:00-04:00,after hours,352.606,352.68,352.0,352.36,0,0.0,0.0,False
GOOGL,2026-09-22T19:00:00-04:00,after hours,352.4,352.57,352.33,352.4403,0,0.0,0.0,False
GOOGL,2026-09-22T19:30:00-04:00,after hours,352.45,352.45,351.55,351.9,0,0.0,0.0,False
GOOGL,2026-09-23T16:00:00-04:00,after hours,337.85,354.6567,337.8142,338.28,0,0.0,0.0,False
GOOGL,2026-09-23T16:30:00-04:00,after hours,338.2739,343.4488,325.1359,338.65,0,0.0,0.0,False
GOOGL,2026-09-23T17:00:00-04:00,after hours,338.6345,354.418,325.1359,338.69,0,0.0,0.0,False
GOOGL,2026-09-23T17:30:00-04:00,after hours,338.6377,339.3,338.6,338.79,0,0.0,0.0,False
GOOGL,2026-09-23T18:00:00-04:00,after hours,338.76,339.28,338.76,339.0,0,0.0,0.0,False
GOOGL,2026-09-23T18:30:00-04:00,after hours,338.9985,339.19,337.83,339.08,0,0.0,0.0,False
GOOGL,2026-09-23T19:00:00-04:00,after hours,339.03,339.35,338.9,339.0,0,0.0,0.0,False
GOOGL,2026-09-23T19:30:00-04:00,after hours,339.0,339.15,338.8,339.0488,0,0.0,0.0,False
IREN,2026-09-18T16:00:00-04:00,after hours,46.69,46.9,46.45,46.4915,0,0.0,0.0,False
IREN,2026-09-18T16:30:00-04:00,after hours,46.4702,46.72,46.47,46.63,0,0.0,0.0,False
IREN,2026-09-18T17:00:00-04:00,after hours,46.64,46.7,46.6,46.6302,0,0.0,0.0,False
IREN,2026-09-18T17:30:00-04:00,after hours,46.63,46.64,46.52,46.5564,0,0.0,0.0,False
IREN,2026-09-18T18:00:00-04:00,after hours,46.56,46.68,46.5,46.54,0,0.0,0.0,False
IREN,2026-09-18T18:30:00-04:00,after hours,46.5236,46.55,46.32,46.36,0,0.0,0.0,False
IREN,2026-09-18T19:00:00-04:00,after hours,46.35,46.5,46.35,46.3805,0,0.0,0.0,False
IREN,2026-09-18T19:30:00-04:00,after hours,46.3835,46.55,46.38,46.55,0,0.0,0.0,False
IREN,2026-09-21T16:00:00-04:00,after hours,47.23,47.45,47.21,47.39,0,0.0,0.0,False
IREN,2026-09-21T16:30:00-04:00,after hours,47.45,47.45,47.23,47.38,0,0.0,0.0,False
IREN,2026-09-21T17:00:00-04:00,after hours,47.37,47.39,47.25,47.3009,0,0.0,0.0,False
IREN,2026-09-21T17:30:00-04:00,after hours,47.31,47.39,47.3,47.37,0,0.0,0.0,False
IREN,2026-09-21T18:00:00-04:00,after hours,47.37,47.42,47.36,47.4,0,0.0,0.0,False
IREN,2026-09-21T18:30:00-04:00,after hours,47.39,47.43,47.32,47.38,0,0.0,0.0,False
IREN,2026-09-21T19:00:00-04:00,after hours,47.3798,47.44,47.34,47.43,0,0.0,0.0,False
IREN,2026-09-21T19:30:00-04:00,after hours,47.43,47.48,47.35,47.4209,0,0.0,0.0,False
IREN,2026-09-22T16:00:00-04:00,after hours,48.55,48.55,48.1446,48.35,0,0.0,0.0,False
IREN,2026-09-22T16:30:00-04:00,after hours,48.3861,48.55,48.28,48.29,0,0.0,0.0,False
IREN,2026-09-22T17:00:00-04:00,after hours,48.29,48.34,48.25,48.2702,0,0.0,0.0,False
IREN,2026-09-22T17:30:00-04:00,after hours,48.2701,48.28,48.21,48.279,0,0.0,0.0,False
IREN,2026-09-22T18:00:00-04:00,after hours,48.27,48.4,48.25,48.36,0,0.0,0.0,False
IREN,2026-09-22T18:30:00-04:00,after hours,48.4,48.41,48.32,48.33,0,0.0,0.0,False
IREN,2026-09-22T19:00:00-04:00,after hours,48.3495,48.4,48.33,48.36,0,0.0,0.0,False
IREN,2026-09-22T19:30:00-04:00,after hours,48.3838,48.45,48.33,48.41,0,0.0,0.0,False
IREN,2026-09-23T16:00:00-04:00,after hours,47.05,47.15,46.56,46.8964,0,0.0,0.0,False
IREN,2026-09-23T16:30:00-04:00,after hours,46.8973,47.0,46.87,46.9,0,0.0,0.0,False
IREN,2026-09-23T17:00:00-04:00,after hours,46.9,47.0,46.86,46.9223,0,0.0,0.0,False
IREN,2026-09-23T17:30:00-04:00,after hours,46.91,47.05,46.9,46.908,0,0.0,0.0,False
IREN,2026-09-23T18:00:00-04:00,after hours,46.911,47.15,46.9,47.03,0,0.0,0.0,False
IREN,2026-09-23T18:30:00-04:00,after hours,47.05,47.13,46.95,46.9997,0,0.0,0.0,False
IREN,2026-09-23T19:00:00-04:00,after hours,46.99,47.0,46.77,46.77,0,0.0,0.0,False
IREN,2026-09-23T19:30:00-04:00,after hours,46.78,46.8,46.6,46.6,0,0.0,0.0,False
MELI,2026-09-18T16:00:00-04:00,after hours,1787.39,1799.0,1785.0,1790.7,0,0.0,0.0,False
MELI,2026-09-18T16:30:00-04:00,after hours,1789.87,1792.9,1789.55,1792.8999,0,0.0,0.0,False
MELI,2026-09-18T17:00:00-04:00,after hours,1792.9,1792.9,1787.39,1787.39,0,0.0,0.0,False
MELI,2026-09-18T17:30:00-04:00,after hours,1791.79,1791.79,1789.6062,1791.0,0,0.0,0.0,False
MELI,2026-09-18T18:00:00-04:00,after hours,1790.2,1792.0,1787.39,1792.0,0,0.0,0.0,False
MELI,2026-09-18T18:30:00-04:00,after hours,1792.0,1792.0,1790.8893,1790.9352,0,0.0,0.0,False
MELI,2026-09-18T19:00:00-04:00,after hours,1790.8893,1792.0,1789.9297,1791.8153,0,0.0,0.0,False
MELI,2026-09-18T19:30:00-04:00,after hours,1790.0,1792.0,1789.55,1791.35,0,0.0,0.0,False
MELI,2026-09-21T16:00:00-04:00,after hours,1820.47,1820.47,1814.19,1819.025,0,0.0,0.0,False
MELI,2026-09-21T16:30:00-04:00,after hours,1825.825,1937.0269,1819.0,1820.0,0,0.0,0.0,False
MELI,2026-09-21T17:00:00-04:00,after hours,1825.0,1825.0,1820.0,1824.9988,0,0.0,0.0,False
MELI,2026-09-21T17:30:00-04:00,after hours,1820.47,1824.6182,1820.0,1820.06,0,0.0,0.0,False
MELI,2026-09-21T18:00:00-04:00,after hours,1824.7872,1824.91,1824.7872,1824.91,0,0.0,0.0,False
MELI,2026-09-21T19:00:00-04:00,after hours,1824.7872,1824.91,1823.9,1824.7872,0,0.0,0.0,False
MELI,2026-09-21T19:30:00-04:00,after hours,1820.06,1824.91,1820.06,1821.0,0,0.0,0.0,False
MELI,2026-09-22T16:00:00-04:00,after hours,1826.58,1830.7625,1821.5012,1826.5,0,0.0,0.0,False
MELI,2026-09-22T16:30:00-04:00,after hours,1830.7625,1830.7625,1825.0,1825.0,0,0.0,0.0,False
MELI,2026-09-22T17:00:00-04:00,after hours,1831.0,1831.0,1821.7375,1830.99,0,0.0,0.0,False
MELI,2026-09-22T17:30:00-04:00,after hours,1830.7687,1831.0,1826.58,1830.2966,0,0.0,0.0,False
MELI,2026-09-22T18:00:00-04:00,after hours,1825.1,1830.9988,1825.1,1826.29,0,0.0,0.0,False
MELI,2026-09-22T18:30:00-04:00,after hours,1831.0,1831.0,1827.21,1830.9255,0,0.0,0.0,False
MELI,2026-09-22T19:00:00-04:00,after hours,1831.0,1831.0,1828.98,1829.3,0,0.0,0.0,False
MELI,2026-09-22T19:30:00-04:00,after hours,1829.3,1831.0,1822.225,1831.0,0,0.0,0.0,False
MELI,2026-09-23T16:00:00-04:00,after hours,1799.24,1804.378,1797.075,1799.5,0,0.0,0.0,False
MELI,2026-09-23T16:30:00-04:00,after hours,1799.9,1802.225,1798.125,1799.0,0,0.0,0.0,False
MELI,2026-09-23T17:00:00-04:00,after hours,1893.5696,1893.5696,1798.248,1799.24,0,0.0,0.0,False
MELI,2026-09-23T17:30:00-04:00,after hours,1799.24,1799.24,1798.187,1798.187,0,0.0,0.0,False
MELI,2026-09-23T18:00:00-04:00,after hours,1799.24,1800.0125,1799.05,1799.8228,0,0.0,0.0,False
MELI,2026-09-23T18:30:00-04:00,after hours,1800.7317,1800.7317,1798.7,1798.8,0,0.0,0.0,False
MELI,2026-09-23T19:00:00-04:00,after hours,1800.7047,1800.7047,1798.27,1798.27,0,0.0,0.0,False
MELI,2026-09-23T19:30:00-04:00,after hours,1798.19,1800.0,1797.5,1799.0,0,0.0,0.0,False
META,2026-09-18T16:00:00-04:00,after hours,665.75,686.17,665.5436,668.4,0,0.0,0.0,False
META,2026-09-18T16:30:00-04:00,after hours,668.4842,669.5,665.75,668.62,0,0.0,0.0,False
META,2026-09-18T17:00:00-04:00,after hours,668.6,687.9067,631.1163,668.4767,0,0.0,0.0,False
META,2026-09-18T17:30:00-04:00,after hours,668.4767,668.88,665.75,668.4197,0,0.0,0.0,False
META,2026-09-18T18:00:00-04:00,after hours,668.41,668.88,665.75,668.75,0,0.0,0.0,False
META,2026-09-18T18:30:00-04:00,after hours,668.8028,668.8125,667.73,668.234,0,0.0,0.0,False
META,2026-09-18T19:00:00-04:00,after hours,668.234,668.59,668.0,668.28,0,0.0,0.0,False
META,2026-09-18T19:30:00-04:00,after hours,668.3,668.59,668.0,668.5506,0,0.0,0.0,False
META,2026-09-21T16:00:00-04:00,after hours,741.245,742.1,732.815,740.8288,0,0.0,0.0,False
META,2026-09-21T16:30:00-04:00,after hours,740.82,741.245,740.52,740.82,0,0.0,0.0,False
META,2026-09-21T17:00:00-04:00,after hours,740.7037,741.3988,709.6095,740.37,0,0.0,0.0,False
META,2026-09-21T17:30:00-04:00,after hours,740.37,740.79,709.8314,740.17,0,0.0,0.0,False
META,2026-09-21T18:00:00-04:00,after hours,740.17,741.34,739.59,740.9407,0,0.0,0.0,False
META,2026-09-21T18:30:00-04:00,after hours,741.4,742.0,740.5,741.79,0,0.0,0.0,False
META,2026-09-21T19:00:00-04:00,after hours,741.7206,743.6,741.0175,741.633,0,0.0,0.0,False
META,2026-09-21T19:30:00-04:00,after hours,741.75,741.8535,740.0,740.012,0,0.0,0.0,False
META,2026-09-22T16:00:00-04:00,after hours,736.595,745.15,732.02,737.5,0,0.0,0.0,False
META,2026-09-22T16:30:00-04:00,after hours,737.34,774.2448,698.0082,737.4199,0,0.0,0.0,False
META,2026-09-22T17:00:00-04:00,after hours,737.27,783.7915,599.6601,738.8,0,0.0,0.0,False
META,2026-09-22T17:30:00-04:00,after hours,738.7988,739.49,736.59,737.0,0,0.0,0.0,False
META,2026-09-22T18:00:00-04:00,after hours,737.0,739.0,736.7,738.7,0,0.0,0.0,False
META,2026-09-22T18:30:00-04:00,after hours,738.69,739.75,738.5,739.28,0,0.0,0.0,False
META,2026-09-22T19:00:00-04:00,after hours,739.27,741.15,739.06,740.5,0,0.0,0.0,False
META,2026-09-22T19:30:00-04:00,after hours,740.31,741.0,739.65,741.0,0,0.0,0.0,False
META,2026-09-23T16:00:00-04:00,after hours,744.1,746.0,743.7792,745.7925,0,0.0,0.0,False
META,2026-09-23T16:30:00-04:00,after hours,745.7,747.65,744.1,745.5697,0,0.0,0.0,False
META,2026-09-23T17:00:00-04:00,after hours,745.5697,760.805,744.1,745.35,0,0.0,0.0,False
META,2026-09-23T17:30:00-04:00,after hours,745.74,747.4875,744.1,747.25,0,0.0,0.0,False
META,2026-09-23T18:00:00-04:00,after hours,747.35,748.6999,744.1,748.5,0,0.0,0.0,False
META,2026-09-23T18:30:00-04:00,after hours,748.3,749.1793,744.1,747.531,0,0.0,0.0,False
META,2026-09-23T19:00:00-04:00,after hours,747.7,748.0,732.2,734.7,0,0.0,0.0,False
META,2026-09-23T19:30:00-04:00,after hours,735.3,739.0,731.3,734.0015,0,0.0,0.0,False
MSFT,2026-09-18T16:00:00-04:00,after hours,493.78,510.11,492.995,494.67,0,0.0,0.0,False
MSFT,2026-09-18T16:30:00-04:00,after hours,494.57,495.88,463.3307,494.81,0,0.0,0.0,False
MSFT,2026-09-18T17:00:00-04:00,after hours,495.1,496.5975,461.3024,495.14,0,0.0,0.0,False
MSFT,2026-09-18T17:30:00-04:00,after hours,495.1381,495.2,493.78,494.925,0,0.0,0.0,False
MSFT,2026-09-18T18:00:00-04:00,after hours,494.9888,494.9988,493.78,494.5,0,0.0,0.0,False
MSFT,2026-09-18T18:30:00-04:00,after hours,494.5,515.0,494.5,494.9425,0,0.0,0.0,False
MSFT,2026-09-18T19:00:00-04:00,after hours,494.6925,494.9499,494.3,494.3,0,0.0,0.0,False
MSFT,2026-09-18T19:30:00-04:00,after hours,494.45,494.48,493.78,493.99,0,0.0,0.0,False
MSFT,2026-09-21T16:00:00-04:00,after hours,501.71,501.9,496.683,501.74,0,0.0,0.0,False
MSFT,2026-09-21T16:30:00-04:00,after hours,501.7415,501.95,466.8782,501.25,0,0.0,0.0,False
MSFT,2026-09-21T17:00:00-04:00,after hours,501.35,501.4843,466.8782,501.445,0,0.0,0.0,False
MSFT,2026-09-21T17:30:00-04:00,after hours,501.43,501.49,501.25,501.25,0,0.0,0.0,False
MSFT,2026-09-21T18:00:00-04:00,after hours,501.4088,501.8,501.25,501.6477,0,0.0,0.0,False
MSFT,2026-09-21T18:30:00-04:00,after hours,501.66,501.9988,501.55,501.7814,0,0.0,0.0,False
MSFT,2026-09-21T19:00:00-04:00,after hours,501.704,501.93,501.5503,501.5987,0,0.0,0.0,False
MSFT,2026-09-21T19:30:00-04:00,after hours,501.61,501.93,501.1831,501.49,0,0.0,0.0,False
MSFT,2026-09-22T16:00:00-04:00,after hours,498.0,498.62,497.7,498.0,0,0.0,0.0,False
MSFT,2026-09-22T16:30:00-04:00,after hours,498.03,498.05,463.8924,497.61,0,0.0,0.0,False
MSFT,2026-09-22T17:00:00-04:00,after hours,497.55,582.7326,435.4698,497.95,0,0.0,0.0,False
MSFT,2026-09-22T17:30:00-04:00,after hours,497.98,501.96,497.64,500.1648,0,0.0,0.0,False
MSFT,2026-09-22T18:00:00-04:00,after hours,500.17,500.87,499.8,499.88,0,0.0,0.0,False
MSFT,2026-09-22T18:30:00-04:00,after hours,499.81,500.21,499.35,499.6,0,0.0,0.0,False
MSFT,2026-09-22T19:00:00-04:00,after hours,499.4587,499.78,499.3012,499.54,0,0.0,0.0,False
MSFT,2026-09-22T19:30:00-04:00,after hours,499.58,501.5,499.1,500.5301,0,0.0,0.0,False
MSFT,2026-09-23T16:00:00-04:00,after hours,500.85,501.2,499.9,500.1824,0,0.0,0.0,False
MSFT,2026-09-23T16:30:00-04:00,after hours,500.2488,500.59,466.0724,499.92,0,0.0,0.0,False
MSFT,2026-09-23T17:00:00-04:00,after hours,499.9025,516.3836,466.0724,499.65,0,0.0,0.0,False
MSFT,2026-09-23T17:30:00-04:00,after hours,499.51,500.59,499.51,499.81,0,0.0,0.0,False
MSFT,2026-09-23T18:00:00-04:00,after hours,499.81,500.4988,499.81,500.0,0,0.0,0.0,False
MSFT,2026-09-23T18:30:00-04:00,after hours,500.195,500.59,499.9901,500.031,0,0.0,0.0,False
MSFT,2026-09-23T19:00:00-04:00,after hours,500.2,500.39,499.25,499.5502,0,0.0,0.0,False
MSFT,2026-09-23T19:30:00-04:00,after hours,499.8,500.42,499.25,500.0,0,0.0,0.0,False
NVDA,2026-09-18T16:00:00-04:00,after hours,222.0782,222.3,221.51,221.5987,0,0.0,0.0,False
NVDA,2026-09-18T16:30:00-04:00,after hours,221.5987,222.27,221.31,221.9667,0,0.0,0.0,False
NVDA,2026-09-18T17:00:00-04:00,after hours,221.9667,234.6997,216.0477,222.0687,0,0.0,0.0,False
NVDA,2026-09-18T17:30:00-04:00,after hours,222.0687,222.33,222.02,222.298,0,0.0,0.0,False
NVDA,2026-09-18T18:00:00-04:00,after hours,222.298,222.49,222.08,222.1975,0,0.0,0.0,False
NVDA,2026-09-18T18:30:00-04:00,after hours,222.1975,230.32,222.05,222.2992,0,0.0,0.0,False
NVDA,2026-09-18T19:00:00-04:00,after hours,222.2992,222.48,222.27,222.41,0,0.0,0.0,False
NVDA,2026-09-18T19:30:00-04:00,after hours,222.4487,222.58,222.36,222.53,0,0.0,0.0,False
NVDA,2026-09-21T16:00:00-04:00,after hours,227.24,227.49,226.298,227.079,0,0.0,0.0,False
NVDA,2026-09-21T16:30:00-04:00,after hours,227.079,227.38,226.82,226.9497,0,0.0,0.0,False
NVDA,2026-09-21T17:00:00-04:00,after hours,226.9497,229.1204,223.1792,227.1465,0,0.0,0.0,False
NVDA,2026-09-21T17:30:00-04:00,after hours,227.1465,227.635,226.8,226.999,0,0.0,0.0,False
NVDA,2026-09-21T18:00:00-04:00,after hours,226.999,227.35,226.96,227.2997,0,0.0,0.0,False
NVDA,2026-09-21T18:30:00-04:00,after hours,227.2997,227.38,227.15,227.269,0,0.0,0.0,False
NVDA,2026-09-21T19:00:00-04:00,after hours,227.269,227.4,227.1,227.178,0,0.0,0.0,False
NVDA,2026-09-21T19:30:00-04:00,after hours,227.178,227.44,227.1,227.2938,0,0.0,0.0,False
NVDA,2026-09-22T16:00:00-04:00,after hours,228.81,228.95,227.8,228.0992,0,0.0,0.0,False
NVDA,2026-09-22T16:30:00-04:00,after hours,228.0992,228.87,212.9972,228.1877,0,0.0,0.0,False
NVDA,2026-09-22T17:00:00-04:00,after hours,228.1877,267.9975,198.1862,228.1882,0,0.0,0.0,False
NVDA,2026-09-22T17:30:00-04:00,after hours,228.1882,228.87,228.11,228.1497,0,0.0,0.0,False
NVDA,2026-09-22T18:00:00-04:00,after hours,228.1497,228.5,228.1401,228.328,0,0.0,0.0,False
NVDA,2026-09-22T18:30:00-04:00,after hours,228.328,228.4,228.2137,228.3295,0,0.0,0.0,False
NVDA,2026-09-22T19:00:00-04:00,after hours,228.3295,228.47,228.2812,228.4677,0,0.0,0.0,False
NVDA,2026-09-22T19:30:00-04:00,after hours,228.4677,228.65,228.37,228.56,0,0.0,0.0,False
NVDA,2026-09-23T16:00:00-04:00,after hours,225.54,226.0,225.2,225.328,0,0.0,0.0,False
NVDA,2026-09-23T16:30:00-04:00,after hours,225.328,226.2547,225.11,225.3485,0,0.0,0.0,False
NVDA,2026-09-23T17:00:00-04:00,after hours,225.3485,228.2,225.0,225.0975,0,0.0,0.0,False
NVDA,2026-09-23T17:30:00-04:00,after hours,225.0975,225.24,225.0,225.1877,0,0.0,0.0,False
NVDA,2026-09-23T18:00:00-04:00,after hours,225.1877,225.32,225.1,225.1795,0,0.0,0.0,False
NVDA,2026-09-23T18:30:00-04:00,after hours,225.1795,225.51,225.05,225.2592,0,0.0,0.0,False
NVDA,2026-09-23T19:00:00-04:00,after hours,225.2592,225.3475,225.15,225.2487,0,0.0,0.0,False
NVDA,2026-09-23T19:30:00-04:00,after hours,225.2487,225.3267,225.04,225.0409,0,0.0,0.0,False
NVTS,2026-09-18T16:00:00-04:00,after hours,11.33,11.55,11.33,11.4156,0,0.0,0.0,False
NVTS,2026-09-18T16:30:00-04:00,after hours,11.41,11.45,11.4,11.4453,0,0.0,0.0,False
NVTS,2026-09-18T17:00:00-04:00,after hours,11.45,11.4515,11.41,11.4515,0,0.0,0.0,False
NVTS,2026-09-18T17:30:00-04:00,after hours,11.46,11.46,11.41,11.41,0,0.0,0.0,False
NVTS,2026-09-18T18:00:00-04:00,after hours,11.41,11.45,11.41,11.44,0,0.0,0.0,False
NVTS,2026-09-18T18:30:00-04:00,after hours,11.42,11.44,11.42,11.44,0,0.0,0.0,False
NVTS,2026-09-18T19:00:00-04:00,after hours,11.44,11.45,11.41,11.42,0,0.0,0.0,False
NVTS,2026-09-18T19:30:00-04:00,after hours,11.42,11.45,11.41,11.44,0,0.0,0.0,False
NVTS,2026-09-21T16:00:00-04:00,after hours,12.16,12.3,12.12,12.1851,0,0.0,0.0,False
NVTS,2026-09-21T16:30:00-04:00,after hours,12.12,12.2,12.12,12.1694,0,0.0,0.0,False
NVTS,2026-09-21T17:00:00-04:00,after hours,12.1671,12.17,12.13,12.17,0,0.0,0.0,False
NVTS,2026-09-21T17:30:00-04:00,after hours,12.1686,12.2,12.16,12.19,0,0.0,0.0,False
NVTS,2026-09-21T18:00:00-04:00,after hours,12.16,12.21,12.16,12.2099,0,0.0,0.0,False
NVTS,2026-09-21T18:30:00-04:00,after hours,12.21,12.22,12.19,12.2196,0,0.0,0.0,False
NVTS,2026-09-21T19:00:00-04:00,after hours,12.22,12.27,12.2,12.2501,0,0.0,0.0,False
NVTS,2026-09-21T19:30:00-04:00,after hours,12.26,12.28,12.25,12.27,0,0.0,0.0,False
NVTS,2026-09-22T16:00:00-04:00,after hours,12.46,12.48,12.4034,12.4034,0,0.0,0.0,False
NVTS,2026-09-22T16:30:00-04:00,after hours,12.43,12.46,12.4,12.45,0,0.0,0.0,False
NVTS,2026-09-22T17:00:00-04:00,after hours,12.45,12.45,12.4,12.44,0,0.0,0.0,False
NVTS,2026-09-22T17:30:00-04:00,after hours,12.44,12.46,12.4,12.43,0,0.0,0.0,False
NVTS,2026-09-22T18:00:00-04:00,after hours,12.45,12.47,12.43,12.47,0,0.0,0.0,False
NVTS,2026-09-22T18:30:00-04:00,after hours,12.4669,12.5,12.45,12.48,0,0.0,0.0,False
NVTS,2026-09-22T19:00:00-04:00,after hours,12.48,12.49,12.44,12.4404,0,0.0,0.0,False
NVTS,2026-09-22T19:30:00-04:00,after hours,12.4597,12.5,12.42,12.5,0,0.0,0.0,False
NVTS,2026-09-23T16:00:00-04:00,after hours,11.84,11.9,11.75,11.85,0,0.0,0.0,False
NVTS,2026-09-23T16:30:00-04:00,after hours,11.84,11.9,11.82,11.8405,0,0.0,0.0,False
NVTS,2026-09-23T17:00:00-04:00,after hours,11.9,11.9,11.83,11.88,0,0.0,0.0,False
NVTS,2026-09-23T17:30:00-04:00,after hours,11.8719,11.88,11.83,11.871,0,0.0,0.0,False
NVTS,2026-09-23T18:00:00-04:00,after hours,11.83,11.88,11.83,11.88,0,0.0,0.0,False
NVTS,2026-09-23T18:30:00-04:00,after hours,11.88,11.88,11.85,11.87,0,0.0,0.0,False
NVTS,2026-09-23T19:00:00-04:00,after hours,11.871,11.88,11.86,11.86,0,0.0,0.0,False
NVTS,2026-09-23T19:30:00-04:00,after hours,11.86,11.88,11.8346,11.8346,0,0.0,0.0,False
PAAS,2026-09-18T16:00:00-04:00,after hours,49.99,50.05,49.9149,50.0,0,0.0,0.0,False
PAAS,2026-09-18T16:30:00-04:00,after hours,50.12,50.12,49.96,50.12,0,0.0,0.0,False
PAAS,2026-09-18T17:00:00-04:00,after hours,50.12,50.12,49.99,49.99,0,0.0,0.0,False
PAAS,2026-09-18T17:30:00-04:00,after hours,50.0957,50.0957,50.0957,50.0957,0,0.0,0.0,False
PAAS,2026-09-18T18:00:00-04:00,after hours,50.0994,50.11,50.0,50.0,0,0.0,0.0,False
PAAS,2026-09-18T18:30:00-04:00,after hours,50.1,50.11,50.0055,50.1063,0,0.0,0.0,False
PAAS,2026-09-18T19:00:00-04:00,after hours,50.0994,50.11,50.0,50.0,0,0.0,0.0,False
PAAS,2026-09-18T19:30:00-04:00,after hours,50.11,50.11,50.08,50.08,0,0.0,0.0,False
PAAS,2026-09-21T16:00:00-04:00,after hours,48.75,48.8,48.75,48.75,159972,0.0,0.0,True
PAAS,2026-09-21T16:30:00-04:00,after hours,48.5549,48.8,48.5549,48.7859,0,0.0,0.0,False
PAAS,2026-09-21T17:00:00-04:00,after hours,48.75,48.81,48.75,48.75,0,0.0,0.0,False
PAAS,2026-09-21T18:00:00-04:00,after hours,48.7648,48.7648,48.7648,48.7648,0,0.0,0.0,False
PAAS,2026-09-21T18:30:00-04:00,after hours,48.81,48.84,48.81,48.84,0,0.0,0.0,False
PAAS,2026-09-21T19:00:00-04:00,after hours,48.93,48.93,48.9,48.91,0,0.0,0.0,False
PAAS,2026-09-21T19:30:00-04:00,after hours,48.8896,49.06,48.8896,49.06,0,0.0,0.0,False
PAAS,2026-09-22T16:00:00-04:00,after hours,50.85,50.85,50.85,50.85,216249,0.0,0.0,True
PAAS,2026-09-22T16:30:00-04:00,after hours,50.5492,51.1543,50.5492,51.1543,0,0.0,0.0,False
PAAS,2026-09-22T17:00:00-04:00,after hours,50.90676,50.90676,50.90676,50.90676,0,0.0,0.0,False
PAAS,2026-09-22T17:30:00-04:00,after hours,50.9,50.9,50.85,50.85,0,0.0,0.0,False
PAAS,2026-09-22T18:00:00-04:00,after hours,50.9,51.1982,50.9,51.1982,0,0.0,0.0,False
PAAS,2026-09-22T18:30:00-04:00,after hours,51.24,51.24,50.6027,50.6027,0,0.0,0.0,False
PAAS,2026-09-22T19:00:00-04:00,after hours,50.59,50.59,50.59,50.59,0,0.0,0.0,False
PAAS,2026-09-23T16:00:00-04:00,after hours,48.11,48.16,47.9402,48.11,314321,0.0,0.0,True
PAAS,2026-09-23T16:30:00-04:00,after hours,48.11,48.11,48.11,48.11,0,0.0,0.0,False
PAAS,2026-09-23T17:00:00-04:00,after hours,48.074333,48.074333,48.074333,48.074333,0,0.0,0.0,False
PAAS,2026-09-23T17:30:00-04:00,after hours,48.0093,48.11,48.0093,48.11,0,0.0,0.0,False
PAAS,2026-09-23T18:30:00-04:00,after hours,48.06,48.07,48.06,48.07,0,0.0,0.0,False
PAAS,2026-09-23T19:00:00-04:00,after hours,48.0746,48.0746,48.07,48.07,0,0.0,0.0,False
PAAS,2026-09-23T19:30:00-04:00,after hours,48.06,48.062,47.978,48.0137,0,0.0,0.0,False
PANW,2026-09-18T16:00:00-04:00,after hours,363.52,365.4,361.77,364.68,0,0.0,0.0,False
PANW,2026-09-18T16:30:00-04:00,after hours,364.7,365.4,363.58,364.9,0,0.0,0.0,False
PANW,2026-09-18T17:00:00-04:00,after hours,364.7,364.9,363.55,364.83,0,0.0,0.0,False
PANW,2026-09-18T17:30:00-04:00,after hours,364.08,364.9,363.8,363.9689,0,0.0,0.0,False
PANW,2026-09-18T18:00:00-04:00,after hours,364.29,364.42,363.55,363.58,0,0.0,0.0,False
PANW,2026-09-18T18:30:00-04:00,after hours,363.99,364.7,362.0,363.5,0,0.0,0.0,False
PANW,2026-09-18T19:00:00-04:00,after hours,363.76,364.9,362.02,362.02,0,0.0,0.0,False
PANW,2026-09-18T19:30:00-04:00,after hours,363.85,363.85,363.0,363.0,0,0.0,0.0,False
PANW,2026-09-21T16:00:00-04:00,after hours,371.76,372.2099,368.0,370.8592,0,0.0,0.0,False
PANW,2026-09-21T16:30:00-04:00,after hours,371.19,371.49,368.5,370.73,0,0.0,0.0,False
PANW,2026-09-21T17:00:00-04:00,after hours,370.74,371.5,368.5682,370.0472,0,0.0,0.0,False
PANW,2026-09-21T17:30:00-04:00,after hours,371.03,372.1,370.01,371.5,0,0.0,0.0,False
PANW,2026-09-21T18:00:00-04:00,after hours,371.5,371.76,370.01,371.11,0,0.0,0.0,False
PANW,2026-09-21T18:30:00-04:00,after hours,371.9999,371.9999,370.0,371.4042,0,0.0,0.0,False
PANW,2026-09-21T19:00:00-04:00,after hours,371.57,371.57,370.9,371.05,0,0.0,0.0,False
PANW,2026-09-21T19:30:00-04:00,after hours,371.05,371.57,370.6743,371.57,0,0.0,0.0,False
PANW,2026-09-22T16:00:00-04:00,after hours,374.57,374.95,371.44,374.21,0,0.0,0.0,False
PANW,2026-09-22T16:30:00-04:00,after hours,374.28,374.75,373.82,374.43,0,0.0,0.0,False
PANW,2026-09-22T17:00:00-04:00,after hours,371.0,374.4802,371.0,374.1,0,0.0,0.0,False
PANW,2026-09-22T17:30:00-04:00,after hours,374.1321,374.7,374.1,374.5,0,0.0,0.0,False
PANW,2026-09-22T18:00:00-04:00,after hours,374.5,375.0,374.1,375.0,0,0.0,0.0,False
PANW,2026-09-22T18:30:00-04:00,after hours,375.0,375.0,374.1,374.2395,0,0.0,0.0,False
PANW,2026-09-22T19:00:00-04:00,after hours,374.26,374.9215,374.1,374.8605,0,0.0,0.0,False
PANW,2026-09-22T19:30:00-04:00,after hours,374.86,375.0,374.1,374.82,0,0.0,0.0,False
PANW,2026-09-23T16:00:00-04:00,after hours,393.3,393.84,392.0,392.3,0,0.0,0.0,False
PANW,2026-09-23T16:30:00-04:00,after hours,392.25,393.0,391.6,392.3,0,0.0,0.0,False
PANW,2026-09-23T17:00:00-04:00,after hours,392.5,392.9,391.75,392.04,0,0.0,0.0,False
PANW,2026-09-23T17:30:00-04:00,after hours,392.035,393.3,391.9,392.25,0,0.0,0.0,False
PANW,2026-09-23T18:00:00-04:00,after hours,392.25,392.51,391.75,392.45,0,0.0,0.0,False
PANW,2026-09-23T18:30:00-04:00,after hours,392.45,392.6,392.3,392.6,0,0.0,0.0,False
PANW,2026-09-23T19:00:00-04:00,after hours,392.3,392.87,392.3,392.34,0,0.0,0.0,False
PANW,2026-09-23T19:30:00-04:00,after hours,392.3,392.55,392.0,392.19,0,0.0,0.0,False
PLTR,2026-09-18T16:00:00-04:00,after hours,177.64,178.0,177.35,177.63,0,0.0,0.0,False
PLTR,2026-09-18T16:30:00-04:00,after hours,177.71,178.0,174.2464,177.25,0,0.0,0.0,False
PLTR,2026-09-18T17:00:00-04:00,after hours,177.42,177.93,170.8634,177.64,0,0.0,0.0,False
PLTR,2026-09-18T17:30:00-04:00,after hours,177.74,177.83,177.25,177.35,0,0.0,0.0,False
PLTR,2026-09-18T18:00:00-04:00,after hours,177.38,177.64,177.25,177.6247,0,0.0,0.0,False
PLTR,2026-09-18T18:30:00-04:00,after hours,177.4,182.92,177.4,177.47,0,0.0,0.0,False
PLTR,2026-09-18T19:00:00-04:00,after hours,177.47,177.6,177.4,177.55,0,0.0,0.0,False
PLTR,2026-09-18T19:30:00-04:00,after hours,177.5,177.55,177.0465,177.37,0,0.0,0.0,False
PLTR,2026-09-21T16:00:00-04:00,after hours,183.07,183.383,182.16,182.8999,0,0.0,0.0,False
PLTR,2026-09-21T16:30:00-04:00,after hours,182.8845,182.9,182.5,182.7134,0,0.0,0.0,False
PLTR,2026-09-21T17:00:00-04:00,after hours,182.7102,187.035,182.71,182.7392,0,0.0,0.0,False
PLTR,2026-09-21T17:30:00-04:00,after hours,182.7392,182.98,182.71,182.78,0,0.0,0.0,False
PLTR,2026-09-21T18:00:00-04:00,after hours,182.9,183.09,182.78,183.0,0,0.0,0.0,False
PLTR,2026-09-21T18:30:00-04:00,after hours,182.99,183.09,182.9503,183.0204,0,0.0,0.0,False
PLTR,2026-09-21T19:00:00-04:00,after hours,183.0209,183.0397,182.71,182.84,0,0.0,0.0,False
PLTR,2026-09-21T19:30:00-04:00,after hours,182.93,183.03,182.84,183.02,0,0.0,0.0,False
PLTR,2026-09-22T16:00:00-04:00,after hours,184.97,185.1063,184.7512,184.83,0,0.0,0.0,False
PLTR,2026-09-22T16:30:00-04:00,after hours,184.85,185.39,184.8,185.3451,0,0.0,0.0,False
PLTR,2026-09-22T17:00:00-04:00,after hours,185.24,198.094,185.05,185.08,0,0.0,0.0,False
PLTR,2026-09-22T17:30:00-04:00,after hours,185.07,185.14,184.82,185.0712,0,0.0,0.0,False
PLTR,2026-09-22T18:00:00-04:00,after hours,185.07,185.25,185.07,185.0934,0,0.0,0.0,False
PLTR,2026-09-22T18:30:00-04:00,after hours,185.0901,185.23,185.07,185.0725,0,0.0,0.0,False
PLTR,2026-09-22T19:00:00-04:00,after hours,185.07,185.13,185.07,185.08,0,0.0,0.0,False
PLTR,2026-09-22T19:30:00-04:00,after hours,185.07,185.223,185.07,185.13,0,0.0,0.0,False
PLTR,2026-09-23T16:00:00-04:00,after hours,191.79,191.95,191.01,191.2669,0,0.0,0.0,False
PLTR,2026-09-23T16:30:00-04:00,after hours,191.25,191.79,191.0655,191.13,0,0.0,0.0,False
PLTR,2026-09-23T17:00:00-04:00,after hours,191.15,191.1676,190.84,191.06,0,0.0,0.0,False
PLTR,2026-09-23T17:30:00-04:00,after hours,191.02,191.79,190.95,191.06,0,0.0,0.0,False
PLTR,2026-09-23T18:00:00-04:00,after hours,191.1,191.79,191.0,191.3,0,0.0,0.0,False
PLTR,2026-09-23T18:30:00-04:00,after hours,191.27,191.79,191.02,191.0887,0,0.0,0.0,False
PLTR,2026-09-23T19:00:00-04:00,after hours,191.04,191.18,191.04,191.0546,0,0.0,0.0,False
PLTR,2026-09-23T19:30:00-04:00,after hours,191.05,191.17,191.02,191.07,0,0.0,0.0,False
QQQ,2026-09-18T16:00:00-04:00,after hours,721.28,723.001,721.25,722.4,0,0.0,0.0,False
QQQ,2026-09-18T16:30:00-04:00,after hours,722.449,722.879,721.45,722.0477,0,0.0,0.0,False
QQQ,2026-09-18T17:00:00-04:00,after hours,721.96,722.55,721.45,722.5015,0,0.0,0.0,False
QQQ,2026-09-18T17:30:00-04:00,after hours,722.48,722.74,722.4052,722.5,0,0.0,0.0,False
QQQ,2026-09-18T18:00:00-04:00,after hours,722.6365,722.8378,722.4001,722.53,0,0.0,0.0,False
QQQ,2026-09-18T18:30:00-04:00,after hours,722.46,722.583,717.2,722.1877,0,0.0,0.0,False
QQQ,2026-09-18T19:00:00-04:00,after hours,722.18,722.3932,722.12,722.3901,0,0.0,0.0,False
QQQ,2026-09-18T19:30:00-04:00,after hours,722.39,722.4975,721.89,722.0999,0,0.0,0.0,False
QQQ,2026-09-21T16:00:00-04:00,after hours,741.39,741.6,721.45,741.12,0,0.0,0.0,False
QQQ,2026-09-21T16:30:00-04:00,after hours,741.1792,741.47,740.72,741.2652,0,0.0,0.0,False
QQQ,2026-09-21T17:00:00-04:00,after hours,741.2478,741.47,741.07,741.29,0,0.0,0.0,False
QQQ,2026-09-21T17:30:00-04:00,after hours,741.3,741.54,741.24,741.3888,0,0.0,0.0,False
QQQ,2026-09-21T18:00:00-04:00,after hours,741.3,742.15,741.26,742.04,0,0.0,0.0,False
QQQ,2026-09-21T18:30:00-04:00,after hours,742.04,742.49,716.42,742.4,0,0.0,0.0,False
QQQ,2026-09-21T19:00:00-04:00,after hours,742.41,742.9,742.2899,742.7,0,0.0,0.0,False
QQQ,2026-09-21T19:30:00-04:00,after hours,742.7285,743.06,742.621,742.9869,0,0.0,0.0,False
QQQ,2026-09-22T16:00:00-04:00,after hours,747.42,747.54,746.75,746.81,0,0.0,0.0,False
QQQ,2026-09-22T16:30:00-04:00,after hours,746.8131,752.9634,746.5746,746.74,0,0.0,0.0,False
QQQ,2026-09-22T17:00:00-04:00,after hours,746.7,747.46,746.6025,746.7536,0,0.0,0.0,False
QQQ,2026-09-22T17:30:00-04:00,after hours,746.796,747.46,746.7,746.9,0,0.0,0.0,False
QQQ,2026-09-22T18:00:00-04:00,after hours,746.79,748.1324,746.78,747.92,0,0.0,0.0,False
QQQ,2026-09-22T18:30:00-04:00,after hours,747.92,748.179,747.4317,747.775,0,0.0,0.0,False
QQQ,2026-09-22T19:00:00-04:00,after hours,747.8215,748.2,747.8201,748.0,0,0.0,0.0,False
QQQ,2026-09-22T19:30:00-04:00,after hours,748.0401,748.4,747.82,748.3192,0,0.0,0.0,False
QQQ,2026-09-23T16:00:00-04:00,after hours,741.18,741.33,740.72,740.96,0,0.0,0.0,False
QQQ,2026-09-23T16:30:00-04:00,after hours,741.0171,741.3448,740.95,741.24,0,0.0,0.0,False
QQQ,2026-09-23T17:00:00-04:00,after hours,741.17,741.26,740.99,741.1632,0,0.0,0.0,False
QQQ,2026-09-23T17:30:00-04:00,after hours,741.0938,741.37,741.0301,741.3436,0,0.0,0.0,False
QQQ,2026-09-23T18:00:00-04:00,after hours,741.37,742.18,741.37,741.52,0,0.0,0.0,False
QQQ,2026-09-23T18:30:00-04:00,after hours,741.5369,741.88,741.44,741.7637,0,0.0,0.0,False
QQQ,2026-09-23T19:00:00-04:00,after hours,741.7693,741.8611,741.039,741.163,0,0.0,0.0,False
QQQ,2026-09-23T19:30:00-04:00,after hours,741.21,741.32,740.6899,740.8,0,0.0,0.0,False
SMCI,2026-09-18T16:00:00-04:00,after hours,39.09,39.36,38.9,39.0901,0,0.0,0.0,False
SMCI,2026-09-18T16:30:00-04:00,after hours,39.08,39.12,39.0,39.08,0,0.0,0.0,False
SMCI,2026-09-18T17:00:00-04:00,after hours,39.08,39.1,39.02,39.1,0,0.0,0.0,False
SMCI,2026-09-18T17:30:00-04:00,after hours,39.1,39.1,39.0506,39.08,0,0.0,0.0,False
SMCI,2026-09-18T18:00:00-04:00,after hours,39.065,39.09,39.02,39.04,0,0.0,0.0,False
SMCI,2026-09-18T18:30:00-04:00,after hours,39.0269,39.0682,38.92,38.95,0,0.0,0.0,False
SMCI,2026-09-18T19:00:00-04:00,after hours,38.95,39.05,38.95,39.0,0,0.0,0.0,False
SMCI,2026-09-18T19:30:00-04:00,after hours,39.0,39.08,38.99,39.08,0,0.0,0.0,False
SMCI,2026-09-21T16:00:00-04:00,after hours,41.2,41.24,41.05,41.129,0,0.0,0.0,False
SMCI,2026-09-21T16:30:00-04:00,after hours,41.1269,41.15,41.06,41.0995,0,0.0,0.0,False
SMCI,2026-09-21T17:00:00-04:00,after hours,41.0962,41.2,41.05,41.0804,0,0.0,0.0,False
SMCI,2026-09-21T17:30:00-04:00,after hours,41.0846,41.18,41.07,41.18,0,0.0,0.0,False
SMCI,2026-09-21T18:00:00-04:00,after hours,41.18,41.35,41.13,41.35,0,0.0,0.0,False
SMCI,2026-09-21T18:30:00-04:00,after hours,41.31,41.38,41.29,41.3431,0,0.0,0.0,False
SMCI,2026-09-21T19:00:00-04:00,after hours,41.35,41.4,41.34,41.37,0,0.0,0.0,False
SMCI,2026-09-21T19:30:00-04:00,after hours,41.36,41.45,41.36,41.44,0,0.0,0.0,False
SMCI,2026-09-22T16:00:00-04:00,after hours,41.54,41.56,41.3025,41.43,0,0.0,0.0,False
SMCI,2026-09-22T16:30:00-04:00,after hours,41.4492,41.54,41.35,41.5,0,0.0,0.0,False
SMCI,2026-09-22T17:00:00-04:00,after hours,41.5007,41.51,41.45,41.4672,0,0.0,0.0,False
SMCI,2026-09-22T17:30:00-04:00,after hours,41.492,41.54,41.42,41.42,0,0.0,0.0,False
SMCI,2026-09-22T18:00:00-04:00,after hours,41.42,41.53,41.42,41.48,0,0.0,0.0,False
SMCI,2026-09-22T18:30:00-04:00,after hours,41.4545,41.52,41.45,41.494,0,0.0,0.0,False
SMCI,2026-09-22T19:00:00-04:00,after hours,41.49,41.5,41.45,41.46,0,0.0,0.0,False
SMCI,2026-09-22T19:30:00-04:00,after hours,41.46,41.53,41.46,41.512,0,0.0,0.0,False
SMCI,2026-09-23T16:00:00-04:00,after hours,41.44,41.5,41.35,41.37,0,0.0,0.0,False
SMCI,2026-09-23T16:30:00-04:00,after hours,41.3857,41.44,41.35,41.43,0,0.0,0.0,False
SMCI,2026-09-23T17:00:00-04:00,after hours,41.4,41.5,41.39,41.49,0,0.0,0.0,False
SMCI,2026-09-23T17:30:00-04:00,after hours,41.49,41.4904,41.42,41.44,0,0.0,0.0,False
SMCI,2026-09-23T18:00:00-04:00,after hours,41.47,41.5,41.44,41.44,0,0.0,0.0,False
SMCI,2026-09-23T18:30:00-04:00,after hours,41.4446,41.49,41.42,41.4403,0,0.0,0.0,False
SMCI,2026-09-23T19:00:00-04:00,after hours,41.45,41.49,41.42,41.4295,0,0.0,0.0,False
SMCI,2026-09-23T19:30:00-04:00,after hours,41.42,41.46,41.35,41.3799,0,0.0,0.0,False
SMR,2026-09-18T16:00:00-04:00,after hours,8.28,8.35,8.21,8.33,15120457,0.0,0.0,True
SMR,2026-09-18T16:30:00-04:00,after hours,8.33,8.35,8.31,8.3411,0,0.0,0.0,False
SMR,2026-09-18T17:00:00-04:00,after hours,8.34,8.35,8.31,8.3389,0,0.0,0.0,False
SMR,2026-09-18T17:30:00-04:00,after hours,8.3389,8.35,8.32,8.3399,0,0.0,0.0,False
SMR,2026-09-18T18:00:00-04:00,after hours,8.34,8.35,8.28,8.34,0,0.0,0.0,False
SMR,2026-09-18T18:30:00-04:00,after hours,8.34,8.35,8.32,8.34,0,0.0,0.0,False
SMR,2026-09-18T19:00:00-04:00,after hours,8.34,8.35,8.29,8.31,0,0.0,0.0,False
SMR,2026-09-18T19:30:00-04:00,after hours,8.32,8.34,8.31,8.32,0,0.0,0.0,False
SMR,2026-09-21T16:00:00-04:00,after hours,8.79,8.84,8.77,8.8098,0,0.0,0.0,False
SMR,2026-09-21T16:30:00-04:00,after hours,8.81,8.82,8.79,8.81,0,0.0,0.0,False
SMR,2026-09-21T17:00:00-04:00,after hours,8.8,8.82,8.79,8.8,0,0.0,0.0,False
SMR,2026-09-21T17:30:00-04:00,after hours,8.8,8.82,8.79,8.7989,0,0.0,0.0,False
SMR,2026-09-21T18:00:00-04:00,after hours,8.7905,8.82,8.7905,8.8,0,0.0,0.0,False
SMR,2026-09-21T18:30:00-04:00,after hours,8.8,8.84,8.79,8.83,0,0.0,0.0,False
SMR,2026-09-21T19:00:00-04:00,after hours,8.8302,8.8598,8.8302,8.8402,0,0.0,0.0,False
SMR,2026-09-21T19:30:00-04:00,after hours,8.85,8.88,8.84,8.855,0,0.0,0.0,False
SMR,2026-09-22T16:00:00-04:00,after hours,8.89,8.98,8.87,8.9361,2190502,0.0,0.0,True
SMR,2026-09-22T16:30:00-04:00,after hours,8.94,8.9442,8.89,8.9436,0,0.0,0.0,False
SMR,2026-09-22T17:00:00-04:00,after hours,8.93,8.93,8.9003,8.9182,0,0.0,0.0,False
SMR,2026-09-22T17:30:00-04:00,after hours,8.91,8.94,8.91,8.93,0,0.0,0.0,False
SMR,2026-09-22T18:00:00-04:00,after hours,8.94,8.94,8.93,8.94,0,0.0,0.0,False
SMR,2026-09-22T18:30:00-04:00,after hours,8.94,8.95,8.93,8.94,0,0.0,0.0,False
SMR,2026-09-22T19:00:00-04:00,after hours,8.93,8.94,8.91,8.92,0,0.0,0.0,False
SMR,2026-09-22T19:30:00-04:00,after hours,8.93,8.94,8.92,8.94,0,0.0,0.0,False
SMR,2026-09-23T16:00:00-04:00,after hours,8.685,8.7129,8.6,8.6596,2259069,0.0,0.0,True
SMR,2026-09-23T16:30:00-04:00,after hours,8.67,8.68,8.65,8.66,0,0.0,0.0,False
SMR,2026-09-23T17:00:00-04:00,after hours,8.66,8.68,8.66,8.68,0,0.0,0.0,False
SMR,2026-09-23T17:30:00-04:00,after hours,8.6792,8.68,8.67,8.68,0,0.0,0.0,False
SMR,2026-09-23T18:00:00-04:00,after hours,8.67,8.69,8.67,8.69,0,0.0,0.0,False
SMR,2026-09-23T18:30:00-04:00,after hours,8.69,8.69,8.68,8.68,0,0.0,0.0,False
SMR,2026-09-23T19:00:00-04:00,after hours,8.68,8.69,8.67,8.685,0,0.0,0.0,False
SMR,2026-09-23T19:30:00-04:00,after hours,8.685,8.69,8.68,8.69,0,0.0,0.0,False
SNDK,2026-09-18T16:00:00-04:00,after hours,1791.82,1794.12,1689.04,1788.97,0,0.0,0.0,False
SNDK,2026-09-18T16:30:00-04:00,after hours,1788.51,1796.0,1787.1,1790.61,0,0.0,0.0,False
SNDK,2026-09-18T17:00:00-04:00,after hours,1791.0,1798.8,1790.5,1796.75,0,0.0,0.0,False
SNDK,2026-09-18T17:30:00-04:00,after hours,1796.01,1797.0,1791.82,1794.65,0,0.0,0.0,False
SNDK,2026-09-18T18:00:00-04:00,after hours,1794.7502,1796.45,1791.82,1794.0,0,0.0,0.0,False
SNDK,2026-09-18T18:30:00-04:00,after hours,1794.1,1796.0,1792.0,1792.13,0,0.0,0.0,False
SNDK,2026-09-18T19:00:00-04:00,after hours,1792.06,1796.6434,1792.0,1793.0,0,0.0,0.0,False
SNDK,2026-09-18T19:30:00-04:00,after hours,1793.89,1798.0,1793.0,1797.999,0,0.0,0.0,False
SNDK,2026-09-21T16:00:00-04:00,after hours,1766.64,1807.66,1761.0001,1764.0,0,0.0,0.0,False
SNDK,2026-09-21T16:30:00-04:00,after hours,1764.0,1766.64,1760.52,1762.9,0,0.0,0.0,False
SNDK,2026-09-21T17:00:00-04:00,after hours,1763.8047,1769.88,1762.8,1768.94,0,0.0,0.0,False
SNDK,2026-09-21T17:30:00-04:00,after hours,1769.88,1771.88,1768.0,1771.0,0,0.0,0.0,False
SNDK,2026-09-21T18:00:00-04:00,after hours,1771.0,1774.0,1768.3,1773.6,0,0.0,0.0,False
SNDK,2026-09-21T18:30:00-04:00,after hours,1773.99,1775.0,1766.64,1774.0001,0,0.0,0.0,False
SNDK,2026-09-21T19:00:00-04:00,after hours,1774.915,1779.0,1774.0,1778.13,0,0.0,0.0,False
SNDK,2026-09-21T19:30:00-04:00,after hours,1778.2,1778.5,1775.0,1776.3436,0,0.0,0.0,False
SNDK,2026-09-22T16:00:00-04:00,after hours,1887.04,1887.7722,1827.48,1882.0,0,0.0,0.0,False
SNDK,2026-09-22T16:30:00-04:00,after hours,1881.5944,1887.04,1880.0,1883.12,0,0.0,0.0,False
SNDK,2026-09-22T17:00:00-04:00,after hours,1883.2819,1883.97,1880.0,1882.5,0,0.0,0.0,False
SNDK,2026-09-22T17:30:00-04:00,after hours,1882.0,1887.04,1880.0,1882.33,0,0.0,0.0,False
SNDK,2026-09-22T18:00:00-04:00,after hours,1882.33,1890.0,1882.33,1888.5558,0,0.0,0.0,False
SNDK,2026-09-22T18:30:00-04:00,after hours,1888.5759,1893.5,1887.5,1890.65,0,0.0,0.0,False
SNDK,2026-09-22T19:00:00-04:00,after hours,1892.98,1896.02,1891.0,1892.91,0,0.0,0.0,False
SNDK,2026-09-22T19:30:00-04:00,after hours,1893.0,1898.88,1892.0,1898.69,0,0.0,0.0,False
SNDK,2026-09-23T16:00:00-04:00,after hours,1816.57,1861.51,1815.0,1820.7,0,0.0,0.0,False
SNDK,2026-09-23T16:30:00-04:00,after hours,1820.439,1821.9,1816.57,1820.48,0,0.0,0.0,False
SNDK,2026-09-23T17:00:00-04:00,after hours,1820.47,1821.9,1816.57,1820.8528,0,0.0,0.0,False
SNDK,2026-09-23T17:30:00-04:00,after hours,1820.63,1822.0,1820.0,1821.0,0,0.0,0.0,False
SNDK,2026-09-23T18:00:00-04:00,after hours,1821.41,1829.0,1816.57,1825.01,0,0.0,0.0,False
SNDK,2026-09-23T18:30:00-04:00,after hours,1825.01,1826.99,1816.57,1825.5,0,0.0,0.0,False
SNDK,2026-09-23T19:00:00-04:00,after hours,1826.0,1828.0,1822.0,1823.04,0,0.0,0.0,False
SNDK,2026-09-23T19:30:00-04:00,after hours,1824.0,1825.0,1818.18,1818.18,0,0.0,0.0,False
SPY,2026-09-18T16:00:00-04:00,after hours,761.6,763.1702,760.7421,762.86,0,0.0,0.0,False
SPY,2026-09-18T16:30:00-04:00,after hours,762.89,763.15,761.69,762.74,0,0.0,0.0,False
SPY,2026-09-18T17:00:00-04:00,after hours,762.7486,762.99,759.3482,762.8461,0,0.0,0.0,False
SPY,2026-09-18T17:30:00-04:00,after hours,762.85,763.22,762.54,762.9,0,0.0,0.0,False
SPY,2026-09-18T18:00:00-04:00,after hours,762.784,762.96,762.7801,762.9,0,0.0,0.0,False
SPY,2026-09-18T18:30:00-04:00,after hours,762.9,773.87,762.7001,762.8005,0,0.0,0.0,False
SPY,2026-09-18T19:00:00-04:00,after hours,762.8647,762.98,762.8053,762.8947,0,0.0,0.0,False
SPY,2026-09-18T19:30:00-04:00,after hours,762.92,762.99,762.77,762.94,0,0.0,0.0,False
SPY,2026-09-21T16:00:00-04:00,after hours,773.49,773.67,762.0734,773.25,0,0.0,0.0,False
SPY,2026-09-21T16:30:00-04:00,after hours,773.25,773.5,772.89,773.1613,0,0.0,0.0,False
SPY,2026-09-21T17:00:00-04:00,after hours,773.16,773.5,773.1,773.38,0,0.0,0.0,False
SPY,2026-09-21T17:30:00-04:00,after hours,773.36,773.5,773.3503,773.44,0,0.0,0.0,False
SPY,2026-09-21T18:00:00-04:00,after hours,773.39,773.7876,773.22,773.7783,0,0.0,0.0,False
SPY,2026-09-21T18:30:00-04:00,after hours,773.8,773.88,773.56,773.7497,0,0.0,0.0,False
SPY,2026-09-21T19:00:00-04:00,after hours,773.7219,773.94,773.61,773.72,0,0.0,0.0,False
SPY,2026-09-21T19:30:00-04:00,after hours,773.72,773.92,773.67,773.83,0,0.0,0.0,False
SPY,2026-09-22T16:00:00-04:00,after hours,773.4,773.74,773.23,773.34,0,0.0,0.0,False
SPY,2026-09-22T16:30:00-04:00,after hours,773.32,773.38,773.03,773.09,0,0.0,0.0,False
SPY,2026-09-22T17:00:00-04:00,after hours,773.2345,773.38,773.02,773.212,0,0.0,0.0,False
SPY,2026-09-22T17:30:00-04:00,after hours,773.2,773.38,773.1,773.25,0,0.0,0.0,False
SPY,2026-09-22T18:00:00-04:00,after hours,773.28,773.699,773.28,773.56,0,0.0,0.0,False
SPY,2026-09-22T18:30:00-04:00,after hours,773.6297,773.73,773.38,773.5,0,0.0,0.0,False
SPY,2026-09-22T19:00:00-04:00,after hours,773.5,773.6483,773.5,773.59,0,0.0,0.0,False
SPY,2026-09-22T19:30:00-04:00,after hours,773.63,773.79,773.51,773.74,0,0.0,0.0,False
SPY,2026-09-23T16:00:00-04:00,after hours,767.79,773.4474,767.47,767.62,0,0.0,0.0,False
SPY,2026-09-23T16:30:00-04:00,after hours,767.67,767.81,767.56,767.69,0,0.0,0.0,False
SPY,2026-09-23T17:00:00-04:00,after hours,767.66,767.81,767.55,767.67,0,0.0,0.0,False
SPY,2026-09-23T17:30:00-04:00,after hours,767.7323,767.81,767.6,767.79,0,0.0,0.0,False
SPY,2026-09-23T18:00:00-04:00,after hours,767.79,768.399,767.79,768.18,0,0.0,0.0,False
SPY,2026-09-23T18:30:00-04:00,after hours,768.06,768.19,767.91,767.98,0,0.0,0.0,False
SPY,2026-09-23T19:00:00-04:00,after hours,767.9962,768.05,767.43,767.43,0,0.0,0.0,False
SPY,2026-09-23T19:30:00-04:00,after hours,767.42,767.5,767.22,767.32,0,0.0,0.0,False
STX,2026-09-18T16:00:00-04:00,after hours,858.79,865.0,858.09,862.7694,0,0.0,0.0,False
STX,2026-09-18T16:30:00-04:00,after hours,862.1,863.7,858.9,861.0,0,0.0,0.0,False
STX,2026-09-18T17:00:00-04:00,after hours,860.0355,863.0,860.0,860.6115,0,0.0,0.0,False
STX,2026-09-18T17:30:00-04:00,after hours,860.4,863.4,858.79,861.92,0,0.0,0.0,False
STX,2026-09-18T18:00:00-04:00,after hours,860.42,861.6,858.79,860.4201,0,0.0,0.0,False
STX,2026-09-18T18:30:00-04:00,after hours,860.42,860.65,859.01,859.01,0,0.0,0.0,False
STX,2026-09-18T19:00:00-04:00,after hours,859.01,861.85,859.01,860.41,0,0.0,0.0,False
STX,2026-09-18T19:30:00-04:00,after hours,859.8991,861.7047,859.8991,861.2,0,0.0,0.0,False
STX,2026-09-21T16:00:00-04:00,after hours,877.325,877.33,871.0,875.01,0,0.0,0.0,False
STX,2026-09-21T16:30:00-04:00,after hours,875.93,876.5,871.0,874.06,0,0.0,0.0,False
STX,2026-09-21T17:00:00-04:00,after hours,874.05,876.0,874.05,874.25,0,0.0,0.0,False
STX,2026-09-21T17:30:00-04:00,after hours,874.25,877.9888,874.25,876.96,0,0.0,0.0,False
STX,2026-09-21T18:00:00-04:00,after hours,875.0,877.9748,875.0,877.8699,0,0.0,0.0,False
STX,2026-09-21T18:30:00-04:00,after hours,877.66,879.0,875.0,877.0,0,0.0,0.0,False
STX,2026-09-21T19:00:00-04:00,after hours,878.202,879.37,875.1577,879.35,0,0.0,0.0,False
STX,2026-09-21T19:30:00-04:00,after hours,876.9104,879.65,876.9104,877.0,0,0.0,0.0,False
STX,2026-09-22T16:00:00-04:00,after hours,919.84,920.0,913.0482,918.364,0,0.0,0.0,False
STX,2026-09-22T16:30:00-04:00,after hours,918.5,919.84,916.4338,918.0225,0,0.0,0.0,False
STX,2026-09-22T17:00:00-04:00,after hours,918.02,919.98,918.0,919.1,0,0.0,0.0,False
STX,2026-09-22T17:30:00-04:00,after hours,918.0437,919.84,918.0,919.0,0,0.0,0.0,False
STX,2026-09-22T18:00:00-04:00,after hours,918.0437,921.0,918.0,919.7055,0,0.0,0.0,False
STX,2026-09-22T18:30:00-04:00,after hours,920.2785,922.0,919.8267,921.0,0,0.0,0.0,False
STX,2026-09-22T19:00:00-04:00,after hours,918.9771,921.8717,918.43,919.2,0,0.0,0.0,False
STX,2026-09-22T19:30:00-04:00,after hours,921.2502,921.2502,918.96,920.12,0,0.0,0.0,False
STX,2026-09-23T16:00:00-04:00,after hours,923.86,925.0,920.0,922.92,0,0.0,0.0,False
STX,2026-09-23T16:30:00-04:00,after hours,922.0012,923.7675,922.0,923.0,0,0.0,0.0,False
STX,2026-09-23T17:00:00-04:00,after hours,922.5,924.0,922.5,923.01,0,0.0,0.0,False
STX,2026-09-23T17:30:00-04:00,after hours,924.0,924.0,921.5,921.5,0,0.0,0.0,False
STX,2026-09-23T18:00:00-04:00,after hours,923.3,928.0,921.55,924.77,0,0.0,0.0,False
STX,2026-09-23T18:30:00-04:00,after hours,926.65,926.65,923.25,923.4,0,0.0,0.0,False
STX,2026-09-23T19:00:00-04:00,after hours,923.5,924.2467,921.0,922.5,0,0.0,0.0,False
STX,2026-09-23T19:30:00-04:00,after hours,923.9,923.9,921.05,923.4083,0,0.0,0.0,False
TSLA,2026-09-18T16:00:00-04:00,after hours,364.22,364.7,363.8,364.15,0,0.0,0.0,False
TSLA,2026-09-18T16:30:00-04:00,after hours,364.07,365.5226,338.6973,364.1626,0,0.0,0.0,False
TSLA,2026-09-18T17:00:00-04:00,after hours,364.2,384.9509,338.6973,364.26,0,0.0,0.0,False
TSLA,2026-09-18T17:30:00-04:00,after hours,364.2541,364.3,364.13,364.19,0,0.0,0.0,False
TSLA,2026-09-18T18:00:00-04:00,after hours,364.181,364.27,363.75,363.8396,0,0.0,0.0,False
TSLA,2026-09-18T18:30:00-04:00,after hours,363.8475,364.0,363.66,363.69,0,0.0,0.0,False
TSLA,2026-09-18T19:00:00-04:00,after hours,363.6872,364.17,363.68,364.04,0,0.0,0.0,False
TSLA,2026-09-18T19:30:00-04:00,after hours,364.07,364.19,363.8485,364.18,0,0.0,0.0,False
TSLA,2026-09-21T16:00:00-04:00,after hours,375.3,376.0,374.7,375.21,0,0.0,0.0,False
TSLA,2026-09-21T16:30:00-04:00,after hours,375.08,375.3,367.3895,374.97,0,0.0,0.0,False
TSLA,2026-09-21T17:00:00-04:00,after hours,374.9971,375.3,367.3895,374.99,0,0.0,0.0,False
TSLA,2026-09-21T17:30:00-04:00,after hours,374.98,382.39,374.91,374.9534,0,0.0,0.0,False
TSLA,2026-09-21T18:00:00-04:00,after hours,374.95,375.2099,374.95,374.9562,0,0.0,0.0,False
TSLA,2026-09-21T18:30:00-04:00,after hours,374.951,375.3,374.76,374.862,0,0.0,0.0,False
TSLA,2026-09-21T19:00:00-04:00,after hours,374.88,375.6585,374.84,375.503,0,0.0,0.0,False
TSLA,2026-09-21T19:30:00-04:00,after hours,375.5017,375.6,375.28,375.28,0,0.0,0.0,False
TSLA,2026-09-22T16:00:00-04:00,after hours,378.87,379.55,378.22,378.3351,0,0.0,0.0,False
TSLA,2026-09-22T16:30:00-04:00,after hours,378.3002,402.1421,359.0185,378.385,0,0.0,0.0,False
TSLA,2026-09-22T17:00:00-04:00,after hours,378.4229,400.748,359.0185,378.7,0,0.0,0.0,False
TSLA,2026-09-22T17:30:00-04:00,after hours,378.6821,378.9,378.55,378.57,0,0.0,0.0,False
TSLA,2026-09-22T18:00:00-04:00,after hours,378.58,378.7,378.35,378.69,0,0.0,0.0,False
TSLA,2026-09-22T18:30:00-04:00,after hours,378.6,378.7,378.5,378.68,0,0.0,0.0,False
TSLA,2026-09-22T19:00:00-04:00,after hours,378.68,379.15,378.61,379.0,0,0.0,0.0,False
TSLA,2026-09-22T19:30:00-04:00,after hours,379.1074,379.15,378.93,379.14,0,0.0,0.0,False
TSLA,2026-09-23T16:00:00-04:00,after hours,380.195,380.5203,379.9,379.94,0,0.0,0.0,False
TSLA,2026-09-23T16:30:00-04:00,after hours,379.95,380.14,354.1142,379.9899,0,0.0,0.0,False
TSLA,2026-09-23T17:00:00-04:00,after hours,379.93,380.1189,354.1142,380.0,0,0.0,0.0,False
TSLA,2026-09-23T17:30:00-04:00,after hours,379.91,379.96,379.53,379.78,0,0.0,0.0,False
TSLA,2026-09-23T18:00:00-04:00,after hours,379.79,380.22,379.78,380.13,0,0.0,0.0,False
TSLA,2026-09-23T18:30:00-04:00,after hours,380.13,380.23,380.0201,380.05,0,0.0,0.0,False
TSLA,2026-09-23T19:00:00-04:00,after hours,380.1,380.17,379.85,380.17,0,0.0,0.0,False
TSLA,2026-09-23T19:30:00-04:00,after hours,380.1508,380.41,380.01,380.1339,0,0.0,0.0,False
UEC,2026-09-18T16:00:00-04:00,after hours,9.81,9.85,9.77,9.84,0,0.0,0.0,False
UEC,2026-09-18T16:30:00-04:00,after hours,9.84,9.84,9.81,9.82,0,0.0,0.0,False
UEC,2026-09-18T17:00:00-04:00,after hours,9.8393,9.86,9.81,9.84,0,0.0,0.0,False
UEC,2026-09-18T17:30:00-04:00,after hours,9.83,9.85,9.82,9.85,0,0.0,0.0,False
UEC,2026-09-18T18:00:00-04:00,after hours,9.85,9.85,9.82,9.85,0,0.0,0.0,False
UEC,2026-09-18T18:30:00-04:00,after hours,9.84,9.85,9.82,9.845,0,0.0,0.0,False
UEC,2026-09-18T19:00:00-04:00,after hours,9.8478,9.86,9.83,9.86,0,0.0,0.0,False
UEC,2026-09-18T19:30:00-04:00,after hours,9.8585,9.86,9.84,9.86,0,0.0,0.0,False
UEC,2026-09-21T16:00:00-04:00,after hours,10.1,10.13,10.08,10.11,0,0.0,0.0,False
UEC,2026-09-21T16:30:00-04:00,after hours,10.14,10.14,10.08,10.1309,0,0.0,0.0,False
UEC,2026-09-21T17:00:00-04:00,after hours,10.1103,10.14,10.11,10.14,0,0.0,0.0,False
UEC,2026-09-21T17:30:00-04:00,after hours,10.16,10.16,10.16,10.16,0,0.0,0.0,False
UEC,2026-09-21T18:00:00-04:00,after hours,10.14,10.15,10.11,10.11,0,0.0,0.0,False
UEC,2026-09-21T18:30:00-04:00,after hours,10.16,10.26,10.13,10.16,0,0.0,0.0,False
UEC,2026-09-21T19:00:00-04:00,after hours,10.2,10.2,10.2,10.2,0,0.0,0.0,False
UEC,2026-09-21T19:30:00-04:00,after hours,10.15,10.17,10.15,10.17,0,0.0,0.0,False
UEC,2026-09-22T16:00:00-04:00,after hours,10.33,10.46,10.2422,10.4,0,0.0,0.0,False
UEC,2026-09-22T16:30:00-04:00,after hours,10.34,10.36,10.33,10.36,0,0.0,0.0,False
UEC,2026-09-22T17:00:00-04:00,after hours,10.34,10.38,10.34,10.3411,0,0.0,0.0,False
UEC,2026-09-22T17:30:00-04:00,after hours,10.4,10.4,10.34,10.36,0,0.0,0.0,False
UEC,2026-09-22T18:00:00-04:00,after hours,10.39,10.39,10.385,10.3893,0,0.0,0.0,False
UEC,2026-09-22T18:30:00-04:00,after hours,10.37,10.3899,10.33,10.35,0,0.0,0.0,False
UEC,2026-09-22T19:00:00-04:00,after hours,10.39,10.39,10.36,10.36,0,0.0,0.0,False
UEC,2026-09-22T19:30:00-04:00,after hours,10.33,10.36,10.33,10.33,0,0.0,0.0,False
UEC,2026-09-23T16:00:00-04:00,after hours,9.95,9.99,9.91,9.98,0,0.0,0.0,False
UEC,2026-09-23T16:30:00-04:00,after hours,9.97,10.0,9.95,9.98,0,0.0,0.0,False
UEC,2026-09-23T17:00:00-04:00,after hours,9.95,9.95,9.95,9.95,0,0.0,0.0,False
UEC,2026-09-23T17:30:00-04:00,after hours,9.9922,10.0,9.9922,10.0,0,0.0,0.0,False
UEC,2026-09-23T18:00:00-04:00,after hours,9.97,9.97,9.97,9.97,0,0.0,0.0,False
UEC,2026-09-23T18:30:00-04:00,after hours,9.98,10.0,9.98,10.0,0,0.0,0.0,False
UEC,2026-09-23T19:00:00-04:00,after hours,9.9805,10.0,9.98,9.99,0,0.0,0.0,False
VXX,2026-09-18T16:00:00-04:00,after hours,17.77,17.858,17.74,17.77,0,0.0,0.0,False
VXX,2026-09-18T16:30:00-04:00,after hours,17.77,17.79,17.75,17.79,0,0.0,0.0,False
VXX,2026-09-18T17:00:00-04:00,after hours,17.79,17.8138,17.77,17.78,0,0.0,0.0,False
VXX,2026-09-18T17:30:00-04:00,after hours,17.78,17.82,17.775,17.82,0,0.0,0.0,False
VXX,2026-09-18T18:00:00-04:00,after hours,17.82,17.9,17.8,17.83,0,0.0,0.0,False
VXX,2026-09-18T18:30:00-04:00,after hours,17.85,17.856,17.81,17.83,0,0.0,0.0,False
VXX,2026-09-18T19:00:00-04:00,after hours,17.87,17.87,17.8,17.8,0,0.0,0.0,False
VXX,2026-09-18T19:30:00-04:00,after hours,17.839,17.86,17.8046,17.85,0,0.0,0.0,False
VXX,2026-09-21T16:00:00-04:00,after hours,17.69,17.7872,17.65,17.7872,0,0.0,0.0,False
VXX,2026-09-21T16:30:00-04:00,after hours,17.67,17.68,17.67,17.67,0,0.0,0.0,False
VXX,2026-09-21T17:00:00-04:00,after hours,17.66,17.66,17.66,17.66,0,0.0,0.0,False
VXX,2026-09-21T17:30:00-04:00,after hours,17.6542,17.6542,17.6542,17.6542,0,0.0,0.0,False
VXX,2026-09-21T18:00:00-04:00,after hours,17.65,17.65,17.63,17.64,0,0.0,0.0,False
VXX,2026-09-21T18:30:00-04:00,after hours,17.65,17.65,17.63,17.63,0,0.0,0.0,False
VXX,2026-09-21T19:00:00-04:00,after hours,17.66,17.66,17.66,17.66,0,0.0,0.0,False
VXX,2026-09-21T19:30:00-04:00,after hours,17.67,17.6869,17.67,17.6823,0,0.0,0.0,False
VXX,2026-09-22T16:00:00-04:00,after hours,17.18,17.209,17.13,17.209,0,0.0,0.0,False
VXX,2026-09-22T16:30:00-04:00,after hours,17.1579,17.21,17.1579,17.21,0,0.0,0.0,False
VXX,2026-09-22T17:00:00-04:00,after hours,17.22,17.22,17.21,17.22,0,0.0,0.0,False
VXX,2026-09-22T17:30:00-04:00,after hours,17.2284,17.2284,17.19,17.2199,0,0.0,0.0,False
VXX,2026-09-22T18:00:00-04:00,after hours,17.2166,17.2166,17.2166,17.2166,0,0.0,0.0,False
VXX,2026-09-22T18:30:00-04:00,after hours,17.18,17.1801,17.1577,17.1577,0,0.0,0.0,False
VXX,2026-09-22T19:00:00-04:00,after hours,17.1953,17.1953,17.18,17.1891,0,0.0,0.0,False
VXX,2026-09-22T19:30:00-04:00,after hours,17.1892,17.1892,17.17,17.18,0,0.0,0.0,False
VXX,2026-09-23T16:00:00-04:00,after hours,17.49,17.51,17.48,17.498,0,0.0,0.0,False
VXX,2026-09-23T16:30:00-04:00,after hours,17.49,17.49,17.47,17.49,0,0.0,0.0,False
VXX,2026-09-23T17:00:00-04:00,after hours,17.49,17.49,17.484,17.49,0,0.0,0.0,False
VXX,2026-09-23T17:30:00-04:00,after hours,17.49,17.49,17.424,17.4723,0,0.0,0.0,False
VXX,2026-09-23T18:00:00-04:00,after hours,17.45,17.45,17.42,17.42,0,0.0,0.0,False
VXX,2026-09-23T19:00:00-04:00,after hours,17.4469,17.45,17.4469,17.45,0,0.0,0.0,False
VXX,2026-09-23T19:30:00-04:00,after hours,17.499,17.5,17.499,17.5,0,0.0,0.0,False
WDC,2026-09-18T16:00:00-04:00,after hours,441.2232,443.25,438.84,441.52,0,0.0,0.0,False
WDC,2026-09-18T16:30:00-04:00,after hours,441.8655,442.88,441.35,441.4,0,0.0,0.0,False
WDC,2026-09-18T17:00:00-04:00,after hours,441.4,444.0,441.4,443.2099,0,0.0,0.0,False
WDC,2026-09-18T17:30:00-04:00,after hours,443.0,443.39,442.3,442.4838,0,0.0,0.0,False
WDC,2026-09-18T18:00:00-04:00,after hours,442.96,443.0,441.36,442.32,0,0.0,0.0,False
WDC,2026-09-18T18:30:00-04:00,after hours,442.32,442.8,441.4,441.61,0,0.0,0.0,False
WDC,2026-09-18T19:00:00-04:00,after hours,441.45,442.12,441.4,441.62,0,0.0,0.0,False
WDC,2026-09-18T19:30:00-04:00,after hours,441.62,442.799,441.4,442.01,0,0.0,0.0,False
WDC,2026-09-21T16:00:00-04:00,after hours,448.02,449.51,445.66,447.01,0,0.0,0.0,False
WDC,2026-09-21T16:30:00-04:00,after hours,447.02,448.17,447.02,447.55,0,0.0,0.0,False
WDC,2026-09-21T17:00:00-04:00,after hours,447.68,448.0,447.5,447.85,0,0.0,0.0,False
WDC,2026-09-21T17:30:00-04:00,after hours,447.5542,448.4,447.5,448.399,0,0.0,0.0,False
WDC,2026-09-21T18:00:00-04:00,after hours,448.49,448.99,448.06,448.99,0,0.0,0.0,False
WDC,2026-09-21T18:30:00-04:00,after hours,448.85,449.35,448.17,449.32,0,0.0,0.0,False
WDC,2026-09-21T19:00:00-04:00,after hours,449.32,449.45,448.82,448.82,0,0.0,0.0,False
WDC,2026-09-21T19:30:00-04:00,after hours,449.28,449.28,448.2,448.5,0,0.0,0.0,False
WDC,2026-09-22T16:00:00-04:00,after hours,464.6,464.85,461.5,462.6,0,0.0,0.0,False
WDC,2026-09-22T16:30:00-04:00,after hours,462.25,464.6,461.75,462.48,0,0.0,0.0,False
WDC,2026-09-22T17:00:00-04:00,after hours,462.3,463.67,462.0,462.59,0,0.0,0.0,False
WDC,2026-09-22T17:30:00-04:00,after hours,463.28,464.6,462.5,462.5,0,0.0,0.0,False
WDC,2026-09-22T18:00:00-04:00,after hours,462.7119,464.6,462.5,463.5,0,0.0,0.0,False
WDC,2026-09-22T18:30:00-04:00,after hours,464.6,465.1224,462.9001,463.67,0,0.0,0.0,False
WDC,2026-09-22T19:00:00-04:00,after hours,463.68,464.68,463.0,463.98,0,0.0,0.0,False
WDC,2026-09-22T19:30:00-04:00,after hours,464.65,465.0,464.0,464.66,0,0.0,0.0,False
WDC,2026-09-23T16:00:00-04:00,after hours,473.69,475.0,471.3518,472.35,0,0.0,0.0,False
WDC,2026-09-23T16:30:00-04:00,after hours,472.35,473.8022,470.053,473.0,0,0.0,0.0,False
WDC,2026-09-23T17:00:00-04:00,after hours,473.4387,473.4387,471.2234,472.1778,0,0.0,0.0,False
WDC,2026-09-23T17:30:00-04:00,after hours,472.5,473.0,471.75,472.381,0,0.0,0.0,False
WDC,2026-09-23T18:00:00-04:00,after hours,473.271,473.92,471.75,472.02,0,0.0,0.0,False
WDC,2026-09-23T18:30:00-04:00,after hours,472.44,473.69,471.03,471.7,0,0.0,0.0,False
WDC,2026-09-23T19:00:00-04:00,after hours,472.0,472.43,471.2,471.2,0,0.0,0.0,False
WDC,2026-09-23T19:30:00-04:00,after hours,471.5,472.0,471.2,471.6263,0,0.0,0.0,False
WULF,2026-09-18T16:00:00-04:00,after hours,17.01,17.04,16.92,17.012,0,0.0,0.0,False
WULF,2026-09-18T16:30:00-04:00,after hours,17.01,17.07,17.01,17.01,0,0.0,0.0,False
WULF,2026-09-18T17:00:00-04:00,after hours,17.06,17.07,17.01,17.04,0,0.0,0.0,False
WULF,2026-09-18T17:30:00-04:00,after hours,17.0622,17.07,16.98,16.99,0,0.0,0.0,False
WULF,2026-09-18T18:00:00-04:00,after hours,16.97,17.0211,16.96,17.0,0,0.0,0.0,False
WULF,2026-09-18T18:30:00-04:00,after hours,16.9991,17.0,16.95,16.99,0,0.0,0.0,False
WULF,2026-09-18T19:00:00-04:00,after hours,17.0,17.0,16.97,16.9831,0,0.0,0.0,False
WULF,2026-09-18T19:30:00-04:00,after hours,16.9831,17.0,16.95,16.95,0,0.0,0.0,False
WULF,2026-09-21T16:00:00-04:00,after hours,17.45,17.62,17.38,17.5,0,0.0,0.0,False
WULF,2026-09-21T16:30:00-04:00,after hours,17.4412,17.5,17.3,17.46,0,0.0,0.0,False
WULF,2026-09-21T17:00:00-04:00,after hours,17.46,17.48,17.45,17.456,0,0.0,0.0,False
WULF,2026-09-21T17:30:00-04:00,after hours,17.46,17.46,17.4,17.4517,0,0.0,0.0,False
WULF,2026-09-21T18:00:00-04:00,after hours,17.45,17.46,17.43,17.4501,0,0.0,0.0,False
WULF,2026-09-21T18:30:00-04:00,after hours,17.4502,17.48,17.45,17.48,0,0.0,0.0,False
WULF,2026-09-21T19:00:00-04:00,after hours,17.48,17.5,17.4501,17.48,0,0.0,0.0,False
WULF,2026-09-21T19:30:00-04:00,after hours,17.4792,17.5,17.43,17.43,0,0.0,0.0,False
WULF,2026-09-22T16:00:00-04:00,after hours,17.33,17.34,17.26,17.3363,0,0.0,0.0,False
WULF,2026-09-22T16:30:00-04:00,after hours,17.3354,17.34,17.32,17.3295,0,0.0,0.0,False
WULF,2026-09-22T17:00:00-04:00,after hours,17.3226,17.38,17.32,17.35,0,0.0,0.0,False
WULF,2026-09-22T17:30:00-04:00,after hours,17.35,17.36,17.32,17.3551,0,0.0,0.0,False
WULF,2026-09-22T18:00:00-04:00,after hours,17.355,17.4,17.32,17.4,0,0.0,0.0,False
WULF,2026-09-22T18:30:00-04:00,after hours,17.4,17.4,17.32,17.36,0,0.0,0.0,False
WULF,2026-09-22T19:00:00-04:00,after hours,17.3433,17.4,17.34,17.37,0,0.0,0.0,False
WULF,2026-09-22T19:30:00-04:00,after hours,17.3738,17.38,17.32,17.3295,0,0.0,0.0,False
WULF,2026-09-23T16:00:00-04:00,after hours,16.35,16.7116,16.28,16.35,0,0.0,0.0,False
WULF,2026-09-23T16:30:00-04:00,after hours,16.35,16.4,16.33,16.39,0,0.0,0.0,False
WULF,2026-09-23T17:00:00-04:00,after hours,16.3883,16.4,16.35,16.37,0,0.0,0.0,False
WULF,2026-09-23T17:30:00-04:00,after hours,16.35,16.36,16.35,16.36,0,0.0,0.0,False
WULF,2026-09-23T18:00:00-04:00,after hours,16.36,16.39,16.35,16.39,0,0.0,0.0,False
WULF,2026-09-23T18:30:00-04:00,after hours,16.39,16.39,16.37,16.3867,0,0.0,0.0,False
WULF,2026-09-23T19:00:00-04:00,after hours,16.39,16.39,16.35,16.3867,0,0.0,0.0,False
WULF,2026-09-23T19:30:00-04:00,after hours,16.37,16.39,16.33,16.37,0,0.0,0.0,False
